seller_id,spike_type,start_day,n_orders,duration_days,ramp_rate_vs_baseline,pct_new_buyers,n_distinct_states,geo_entropy,mean_delivery_days,std_delivery_days,return_rate,refund_claim_speed_days,refund_claim_speed_std
2,anomalous,89,45,4,9.7,0.627,9,1.662,8.789,5.72,0.248,7.601,1.31
2,anomalous,63,96,2,21.188,0.778,2,0.48,3.799,1.614,0.455,1.695,0.451
3,organic,136,46,2,8.497,0.709,12,2.384,8.713,6.106,0.042,5.329,3.89
3,anomalous,78,35,1,28.677,0.945,3,0.562,2.518,0.5,0.583,4.671,0.053
4,organic,163,17,1,14.027,0.797,9,2.186,7.472,3.096,0.333,6.723,4.614
5,anomalous,45,35,1,23.872,0.765,2,0.328,1.429,1.894,0.975,0.735,0.279
7,organic,92,33,4,8.168,0.659,9,2.081,9.096,6.657,0.264,11.226,4.214
10,organic,23,25,1,14.856,0.8,15,2.69,8.582,4.697,0.137,6.647,1.212
12,anomalous,158,44,1,25.144,0.784,1,0.331,3.038,1.36,0.902,0.475,0.411
13,organic,86,39,4,4.201,0.45,6,1.384,12.551,7.076,0.179,9.263,0.808
14,organic,45,19,2,4.15,0.511,9,1.832,9.41,3.611,0.173,7.568,2.192
16,organic,101,20,5,3.048,0.367,9,2.427,8.422,2.825,0.038,10.181,4.662
18,organic,116,32,5,4.59,0.437,12,2.19,6.25,4.488,0.037,8.312,4.691
19,organic,39,41,3,10.09,0.643,11,2.313,11.515,7.383,0.325,11.758,3.031
22,anomalous,133,15,1,12.188,0.819,2,0.687,4.187,0.845,0.762,3.351,0.737
23,organic,114,115,3,13.429,0.75,8,1.259,2.408,7.378,0.221,4.754,1.337
23,anomalous,145,52,4,9.626,0.594,3,0.575,7.606,2.173,0.327,5.547,2.534
25,organic,0,37,2,9.188,0.824,9,1.76,6.251,8.263,0.347,7.363,2.216
26,organic,104,41,3,6.573,0.551,17,3.265,4.51,4.12,0.026,5.328,3.679
30,organic,36,24,2,5.064,0.735,6,1.657,10.898,6.215,0.048,9.338,1.124
32,organic,157,24,5,4.226,0.327,13,2.296,12.904,3.114,0.099,10.808,2.558
34,anomalous,28,60,3,8.451,0.66,6,1.295,4.079,2.63,0.138,3.344,1.336
36,organic,1,25,3,5.715,0.321,8,2.012,5.921,8.123,0.043,8.879,3.305
40,organic,52,26,2,14.362,0.817,8,1.737,6.561,3.002,0.27,4.68,3.706
41,anomalous,129,67,2,9.773,0.822,5,0.742,6.982,1.415,0.484,2.611,0.577
45,organic,59,21,4,3.512,0.453,3,0.788,8.98,5.941,0.06,8.811,1.941
46,organic,58,72,5,8.882,0.655,14,2.021,12.679,7.464,0.078,10.617,1.623
47,organic,74,18,2,9.006,0.439,5,1.22,9.856,4.474,0.284,11.091,2.513
48,organic,101,51,3,8.705,0.94,4,0.568,6.252,3.857,0.262,3.225,3.232
50,organic,1,26,1,11.167,0.591,8,1.809,10.669,2.617,0.106,4.023,1.721
51,anomalous,157,23,1,8.422,0.946,5,0.46,5.861,0.446,0.623,1.078,0.984
55,anomalous,149,83,3,11.569,0.804,1,0.335,3.301,2.904,0.686,4.425,0.02
57,organic,132,49,4,4.617,0.615,7,1.417,7.768,5.095,0.149,8.17,2.279
60,organic,126,35,2,8.494,0.605,5,1.209,5.459,8.312,0.186,4.724,3.434
60,anomalous,69,11,1,8.932,0.904,6,1.461,3.823,1.13,0.405,2.744,1.259
61,organic,104,22,3,4.597,0.663,7,1.564,7.312,6.156,0.105,12.038,1.959
61,anomalous,61,59,1,21.851,0.68,4,0.671,0.09,0.717,0.312,0.05,1.451
63,organic,94,33,1,17.149,0.648,3,0.836,7.704,4.973,0.063,3.616,4.798
64,organic,167,85,3,8.978,0.712,11,2.072,7.511,6.029,0.236,8.118,3.98
65,anomalous,112,109,2,21.85,0.737,5,0.552,0.425,0.303,0.692,4.041,0.412
66,organic,74,23,2,10.443,0.633,5,1.42,7.945,6.242,0.199,7.923,2.13
68,organic,75,26,2,5.93,0.727,10,1.947,7.444,4.032,0.015,7.478,4.134
68,anomalous,100,69,4,10.244,0.655,8,1.271,7.86,3.063,0.42,6.503,2.305
72,organic,141,19,1,8.237,0.737,3,0.725,4.896,3.83,0.111,6.76,1.574
74,organic,106,14,3,7.565,0.257,4,1.289,13.3,5.129,0.25,10.715,2.443
75,anomalous,29,29,2,13.657,0.796,2,0.604,3.809,1.261,0.78,2.933,0.458
77,anomalous,57,66,1,18.629,0.737,4,0.61,0.626,0.242,0.757,0.05,0.402
78,organic,16,64,6,5.886,0.525,13,1.934,11.995,7.994,0.121,5.756,3.4
78,anomalous,135,89,2,21.203,0.842,4,0.629,2.786,0.996,0.936,1.454,0.358
79,organic,107,42,3,4.659,0.841,12,2.172,11.581,7.501,0.016,5.858,3.325
80,organic,149,43,5,6.132,0.484,12,1.995,4.412,3.005,0.066,14.367,2.96
81,organic,131,35,1,13.815,0.818,5,0.88,7.445,3.455,0.361,7.386,1.722
82,anomalous,34,39,3,5.794,0.739,6,1.014,6.717,3.837,0.223,6.509,0.923
83,organic,51,26,1,15.23,0.748,6,1.243,5.35,5.07,0.409,6.783,2.615
87,organic,60,10,2,9.373,0.659,7,1.824,10.3,8.141,0.05,11.131,2.419
91,organic,91,68,5,10.183,0.734,9,2.24,6.998,3.995,0.313,6.061,3.771
93,organic,73,39,2,9.622,0.725,10,2.554,6.435,3.189,0.37,5.244,1.879
95,organic,138,8,1,6.488,0.536,5,1.427,8.208,7.14,0.161,8.481,3.985
96,organic,62,16,1,8.329,0.591,6,1.832,4.505,6.335,0.155,9.314,4.706
97,organic,129,45,4,10.266,0.749,13,2.411,7.882,8.041,0.115,5.892,2.269
99,anomalous,50,92,2,15.385,1.0,3,0.426,1.851,1.484,0.494,0.958,0.446
100,organic,44,14,1,6.964,0.599,4,0.901,5.546,4.616,0.181,9.885,2.69
102,organic,102,18,3,6.385,0.482,15,3.502,6.031,6.892,0.017,5.431,1.841
107,organic,38,20,5,3.942,0.587,10,2.278,11.874,6.293,0.092,11.105,3.271
107,anomalous,101,75,1,32.502,0.718,4,0.411,5.949,0.412,0.778,4.411,0.481
108,organic,166,64,4,5.688,0.492,7,1.216,10.427,3.771,0.045,10.877,1.084
109,organic,165,22,1,17.983,0.711,3,0.679,3.467,7.588,0.325,7.32,3.775
110,organic,22,40,3,6.896,0.661,13,2.602,9.11,4.081,0.14,10.61,3.195
110,anomalous,169,21,1,10.629,0.919,4,0.933,2.973,1.727,0.617,3.065,1.566
112,organic,92,15,1,15.059,0.836,4,1.295,4.817,5.386,0.32,4.512,4.097
114,organic,64,44,2,8.344,0.774,6,1.27,7.443,6.084,0.116,5.432,2.716
115,anomalous,167,101,2,26.726,0.84,2,0.302,0.763,1.236,0.873,0.05,0.186
116,organic,137,75,4,9.577,0.582,11,2.104,16.861,7.025,0.049,6.394,0.75
116,anomalous,51,20,1,11.662,0.9,2,0.705,6.073,0.486,0.319,4.429,0.938
118,organic,112,20,2,9.684,0.72,5,1.73,7.783,7.16,0.12,7.587,1.836
120,organic,160,19,1,7.705,0.697,5,1.569,6.151,6.025,0.157,5.461,2.034
122,organic,107,17,2,6.36,0.759,10,2.06,7.455,6.575,0.144,9.5,4.895
124,anomalous,160,33,4,8.03,0.46,6,1.165,5.781,4.726,0.55,4.875,1.088
125,organic,95,33,3,5.329,0.412,7,1.891,14.766,6.023,0.241,9.394,1.584
127,organic,60,21,2,8.693,0.666,4,0.754,4.974,4.51,0.127,4.615,2.382
131,anomalous,157,136,2,24.118,0.809,2,0.418,2.548,0.264,0.858,2.167,0.313
133,organic,130,41,5,3.755,0.472,9,1.708,13.44,8.205,0.056,14.302,1.464
134,anomalous,86,24,2,7.946,0.971,3,0.724,2.821,2.551,0.638,1.74,0.609
135,organic,152,9,1,7.142,0.783,3,1.198,7.755,5.037,0.192,4.937,3.482
136,organic,112,19,3,5.025,0.441,6,1.203,9.915,6.076,0.056,8.796,4.641
140,anomalous,58,145,2,33.804,0.924,2,0.385,0.05,0.622,0.784,1.126,0.02
141,organic,152,29,1,11.514,0.737,8,1.556,8.906,7.835,0.032,5.236,5.042
141,anomalous,82,36,1,16.478,0.855,5,0.755,4.381,0.518,0.535,4.139,0.475
142,organic,1,46,3,13.522,0.618,8,1.601,7.369,7.287,0.243,5.314,2.912
143,organic,4,107,3,15.504,0.706,6,1.085,4.978,8.626,0.173,2.71,1.076
143,anomalous,66,87,2,20.38,1.0,5,0.61,3.508,1.093,0.588,2.186,1.24
144,organic,136,81,6,5.919,0.308,12,2.022,8.367,5.527,0.111,11.661,2.336
145,anomalous,81,65,2,16.971,0.811,4,0.533,5.609,1.576,0.439,3.266,0.13
146,organic,109,41,2,12.163,0.708,10,1.903,5.644,5.285,0.091,4.168,1.92
148,organic,126,55,6,4.796,0.574,8,1.343,8.771,6.057,0.0,13.978,2.784
149,organic,140,50,3,9.525,0.832,15,2.982,5.044,2.811,0.238,8.58,4.955
150,organic,159,22,1,15.319,0.834,4,0.564,5.505,2.672,0.241,6.055,3.588
151,organic,126,38,6,9.093,0.487,7,1.364,14.271,3.166,0.09,9.087,2.108
151,anomalous,78,39,2,13.22,0.87,8,1.433,5.789,1.399,0.516,1.909,0.105
152,organic,139,35,6,4.502,0.547,14,2.757,12.772,3.768,0.085,9.186,4.19
155,organic,69,31,2,14.339,0.745,6,1.032,4.463,5.368,0.193,6.311,3.109
156,organic,104,23,1,12.564,0.888,17,3.715,10.108,5.769,0.164,5.208,2.267
157,organic,56,53,4,4.867,0.486,16,2.255,7.104,3.441,0.044,6.88,2.809
158,organic,137,68,6,4.656,0.626,8,1.411,6.44,6.88,0.048,9.496,4.478
159,organic,100,99,5,11.387,0.698,9,1.253,11.692,5.958,0.28,5.118,3.001
160,organic,27,39,3,7.855,0.575,15,2.811,10.041,8.751,0.249,8.441,3.082
160,anomalous,75,54,1,25.51,0.789,2,0.158,1.88,1.631,0.918,0.614,0.651
162,anomalous,156,19,3,6.063,0.581,7,2.026,6.934,5.034,0.127,7.169,2.482
163,organic,70,10,1,9.494,0.755,3,1.041,4.44,5.769,0.183,4.611,2.067
164,organic,68,48,4,5.156,0.378,8,1.582,12.792,8.551,0.019,15.758,1.436
164,anomalous,47,96,2,14.602,0.866,5,0.46,1.432,0.343,0.469,1.323,0.167
165,organic,10,42,5,3.508,0.376,8,1.593,12.227,3.085,0.159,13.796,4.524
166,anomalous,27,30,2,11.933,0.58,4,0.93,7.066,7.57,0.306,8.531,3.358
167,organic,158,82,5,9.189,0.53,11,2.46,10.408,6.941,0.178,13.343,1.401
168,anomalous,98,41,1,31.097,0.71,1,0.165,0.74,1.811,0.495,1.246,0.434
169,organic,97,47,3,9.719,0.834,9,2.174,7.217,3.431,0.132,8.914,3.585
171,organic,24,55,5,5.33,0.582,10,1.765,5.403,3.946,0.157,8.583,1.581
172,anomalous,123,19,1,18.557,0.986,5,0.211,0.321,0.979,0.745,4.035,0.356
174,organic,110,15,1,7.282,0.632,9,2.319,5.509,7.908,0.075,9.751,1.705
174,anomalous,32,41,1,17.298,0.755,7,0.98,5.021,1.029,0.357,4.659,0.459
175,anomalous,11,21,1,21.837,0.78,2,0.733,6.119,2.945,0.762,1.357,0.654
176,organic,120,23,4,4.881,0.479,12,2.711,10.558,6.937,0.02,6.637,4.851
177,anomalous,144,62,2,17.102,0.814,5,0.68,2.319,0.05,0.869,1.424,0.657
178,organic,46,36,2,12.565,0.818,8,1.544,4.916,7.402,0.029,8.76,2.994
178,anomalous,26,41,3,12.689,0.766,3,0.764,5.819,2.998,0.81,1.512,0.981
179,organic,32,17,2,10.455,0.443,10,2.43,13.319,5.406,0.304,6.903,4.798
180,organic,19,38,1,13.774,0.797,4,0.537,2.946,5.454,0.317,4.542,1.942
181,anomalous,136,56,3,17.06,0.894,6,0.981,4.537,0.94,0.513,1.46,0.02
182,anomalous,117,36,3,4.758,0.693,6,1.287,9.639,2.737,0.113,6.224,4.586
183,organic,151,53,4,9.9,0.695,5,1.139,9.325,2.904,0.0,4.813,4.346
184,organic,80,52,3,11.511,0.681,7,1.553,4.344,8.462,0.264,5.35,1.799
185,organic,149,70,4,4.991,0.712,12,2.327,7.881,8.12,0.168,3.724,4.533
197,organic,162,84,3,15.744,0.849,2,0.516,11.421,8.092,0.307,6.773,4.118
197,anomalous,96,71,3,11.813,0.616,4,0.354,4.515,0.288,0.455,1.012,0.551
198,organic,111,27,2,7.237,0.849,9,2.11,10.552,5.733,0.178,8.154,4.866
199,organic,146,68,2,14.655,0.781,7,1.37,7.644,5.674,0.345,7.537,4.184
199,anomalous,0,26,3,5.16,0.609,4,0.891,2.091,2.381,0.275,5.755,1.915
203,organic,41,57,3,5.99,0.365,13,2.124,15.206,3.1,0.095,11.586,4.337
204,organic,148,15,1,11.946,0.563,4,1.042,8.209,3.631,0.198,10.177,1.785
205,organic,36,50,5,8.852,0.511,7,1.587,12.941,2.618,0.0,9.531,3.58
205,anomalous,13,22,1,12.631,0.85,7,1.41,5.075,2.535,0.529,3.344,1.063
206,organic,147,39,2,8.08,0.69,14,2.26,11.832,7.276,0.042,13.021,2.7
206,anomalous,126,43,2,11.641,0.67,5,0.64,3.201,3.002,0.794,0.751,0.598
209,organic,44,54,2,11.563,0.713,6,1.176,5.856,6.611,0.126,3.748,3.638
211,anomalous,149,38,2,22.098,0.798,3,0.187,4.047,1.137,0.637,1.382,0.15
212,organic,47,39,5,4.449,0.533,17,2.935,13.746,5.534,0.179,11.382,3.996
213,anomalous,2,20,2,8.83,0.901,6,0.978,6.465,1.438,0.457,4.83,0.563
215,anomalous,55,115,3,13.04,0.605,3,0.534,3.081,4.175,0.458,4.213,2.041
219,organic,30,43,3,7.273,0.488,11,2.386,8.334,6.182,0.086,12.023,4.3
220,organic,37,13,3,3.506,0.244,10,3.038,11.108,5.469,0.047,6.221,4.839
221,organic,158,10,1,8.942,0.593,6,1.752,4.971,5.828,0.277,3.421,2.036
222,organic,23,53,3,12.592,0.729,3,0.66,3.05,2.569,0.118,4.036,3.313
227,organic,10,26,3,5.706,0.832,12,2.788,6.139,4.276,0.213,9.106,1.992
230,anomalous,75,130,2,28.992,0.79,5,0.569,1.834,0.644,0.573,1.111,0.02
232,organic,114,20,2,8.297,0.577,5,1.069,12.616,4.313,0.318,7.56,3.78
234,organic,37,71,3,11.244,0.822,5,0.942,5.691,5.42,0.275,6.608,3.171
235,organic,16,51,2,11.685,0.692,6,1.264,4.123,3.873,0.407,4.796,1.244
237,anomalous,89,148,3,22.457,0.671,7,0.783,4.739,0.981,0.249,2.805,0.75
240,organic,91,21,3,8.913,0.548,6,1.885,9.695,6.416,0.074,7.613,1.569
240,anomalous,19,38,2,7.211,0.635,5,0.589,6.57,2.508,0.45,2.52,1.175
242,organic,143,14,1,9.036,0.835,9,3.759,7.852,7.496,0.333,8.018,4.054
243,organic,150,15,1,7.666,0.872,2,0.807,3.821,5.92,0.251,5.202,3.757
245,anomalous,75,105,2,20.952,0.813,6,0.814,3.21,1.196,0.585,1.318,0.902
246,organic,140,19,2,4.284,0.679,5,1.005,5.409,5.42,0.159,11.642,4.497
249,organic,65,30,4,3.556,0.32,14,2.79,7.916,3.871,0.007,10.68,4.839
250,organic,20,40,2,10.895,0.527,8,1.988,9.618,7.045,0.238,6.598,0.721
250,anomalous,106,15,1,6.668,0.631,6,1.29,3.25,1.059,0.36,3.774,0.75
252,organic,86,11,2,4.011,0.606,13,3.923,4.455,2.255,0.014,8.401,4.496
253,organic,35,50,3,11.68,0.848,4,0.959,9.621,6.22,0.294,9.142,3.917
253,anomalous,91,34,1,22.449,0.956,2,0.388,2.0,1.026,0.654,0.085,0.564
254,organic,109,22,3,5.29,0.521,6,2.016,9.875,6.174,0.154,8.101,2.224
254,anomalous,70,21,2,8.312,0.598,4,1.152,0.05,2.095,0.327,6.987,0.583
255,organic,148,53,5,11.898,0.532,14,2.208,10.579,7.463,0.11,13.101,1.795
259,organic,94,17,1,10.761,0.685,8,1.565,7.108,6.448,0.318,11.64,2.248
259,anomalous,80,37,2,9.653,0.859,5,1.089,5.699,2.418,0.469,3.293,0.607
260,organic,108,20,4,3.785,0.415,4,0.805,6.525,7.815,0.081,6.772,4.264
261,organic,74,30,3,5.199,0.802,12,1.995,10.859,3.463,0.107,5.479,1.311
263,organic,46,75,3,10.431,0.799,3,0.457,4.871,6.311,0.181,7.763,4.446
263,anomalous,130,71,1,18.165,0.82,2,0.147,5.965,1.238,0.799,3.735,0.38
265,organic,53,13,2,6.811,0.731,11,3.005,8.829,5.758,0.111,13.659,3.037
265,anomalous,2,19,1,23.839,0.777,5,0.805,2.26,1.452,0.462,2.206,0.55
266,organic,46,45,3,10.318,0.647,7,1.423,7.95,6.045,0.129,11.523,2.864
270,organic,165,60,3,8.665,0.793,1,0.456,4.476,4.308,0.134,5.784,1.674
271,organic,149,38,3,8.746,0.721,9,1.748,8.563,6.175,0.055,6.511,2.779
274,organic,18,39,3,10.7,0.651,7,1.949,5.852,7.836,0.278,7.647,3.911
274,anomalous,75,125,2,31.836,0.93,1,0.317,3.954,0.52,0.845,1.821,0.313
276,anomalous,132,44,2,10.185,0.831,2,0.727,3.308,2.259,0.769,2.097,0.631
277,organic,9,63,2,14.869,0.597,7,1.269,5.631,5.418,0.279,6.332,1.698
278,organic,77,35,1,13.383,0.807,6,1.308,4.259,6.689,0.238,8.221,2.658
282,organic,28,113,3,18.057,0.763,8,1.099,4.096,8.926,0.203,4.874,1.818
283,anomalous,94,16,1,15.159,1.0,3,0.456,2.123,0.273,0.795,0.2,0.142
284,anomalous,87,199,2,19.178,1.0,5,0.274,2.645,0.728,0.795,3.786,0.572
286,organic,97,88,3,13.824,0.853,5,1.035,3.772,5.555,0.254,5.861,1.715
288,organic,52,23,1,9.553,0.661,8,2.169,5.712,3.523,0.187,8.814,1.307
289,organic,50,33,3,12.638,0.833,5,1.218,6.622,7.577,0.297,6.308,1.049
291,organic,111,12,3,4.512,0.258,6,1.466,9.635,4.24,0.216,5.209,4.697
291,anomalous,72,24,1,11.185,0.857,1,0.195,1.934,0.831,0.96,0.148,0.464
293,organic,40,13,1,5.546,0.695,4,1.146,8.893,3.244,0.28,7.423,3.489
295,organic,167,130,3,15.948,0.787,7,1.309,3.376,6.074,0.249,5.046,4.038
297,organic,52,21,2,6.974,0.702,6,1.405,4.731,4.235,0.058,3.412,1.311
298,organic,75,28,2,9.449,0.779,6,1.296,8.472,4.22,0.286,5.167,1.408
301,organic,141,31,2,14.464,0.768,12,3.487,10.654,2.878,0.332,4.603,3.203
302,anomalous,33,34,2,8.949,0.672,7,1.548,0.648,2.586,0.305,4.269,1.165
305,organic,166,42,1,16.955,0.862,6,1.37,4.275,5.113,0.331,6.996,3.746
309,organic,6,22,1,9.019,0.872,4,1.241,7.311,3.154,0.42,2.964,3.53
310,organic,9,108,3,15.298,0.691,5,0.847,12.37,7.887,0.254,6.775,1.964
311,anomalous,113,57,2,15.139,1.0,3,0.487,0.05,1.018,0.684,1.629,0.02
314,organic,29,68,3,7.318,0.591,14,2.1,13.28,4.056,0.18,11.149,1.601
314,anomalous,45,68,1,24.802,0.741,2,0.537,3.735,0.842,0.69,0.05,0.874
316,organic,32,56,4,6.61,0.583,17,2.579,10.207,6.014,0.068,10.218,2.995
316,anomalous,76,76,3,16.858,0.749,2,0.278,4.78,1.643,0.685,0.597,0.463
317,organic,74,13,2,8.536,0.399,15,3.373,8.464,6.439,0.253,12.546,2.006
318,anomalous,133,82,2,26.291,0.813,1,0.148,2.722,0.719,0.732,2.724,0.848
319,organic,35,37,2,11.634,0.861,8,1.346,6.049,2.431,0.159,8.973,4.282
321,organic,68,19,1,7.556,0.577,13,3.033,6.32,6.32,0.14,11.738,2.385
322,organic,129,74,3,9.27,0.752,18,3.075,14.294,2.299,0.036,14.262,2.59
329,organic,117,37,4,4.399,0.841,11,2.613,3.765,7.39,0.14,7.157,4.284
334,organic,169,44,4,4.817,0.712,12,2.929,8.56,5.413,0.247,7.554,3.999
335,organic,56,40,5,6.148,0.472,15,2.248,11.09,5.213,0.051,8.074,4.712
337,organic,80,65,2,13.272,0.721,3,0.793,5.204,3.374,0.136,5.819,3.899
337,organic,19,124,3,18.0,0.653,6,0.944,5.386,0.611,0.768,4.994,1.647
339,organic,132,61,4,8.486,0.653,12,2.346,8.019,4.084,0.03,10.548,4.339
341,anomalous,63,28,2,13.763,0.903,2,0.618,2.247,0.69,0.679,1.3,0.224
342,organic,62,53,2,8.584,0.614,11,1.791,6.558,7.275,0.201,12.277,2.374
343,anomalous,81,105,4,9.311,0.65,8,1.031,7.999,3.099,0.552,7.441,0.824
344,anomalous,98,81,2,28.35,0.969,3,0.433,4.312,1.829,0.998,0.453,0.563
345,organic,125,9,1,5.094,0.747,10,3.262,6.494,5.645,0.124,7.174,2.748
346,organic,169,14,1,9.17,0.821,6,1.695,6.44,3.196,0.227,2.458,1.29
348,organic,72,21,2,4.954,0.599,11,3.142,5.628,3.32,0.26,8.839,2.667
348,anomalous,33,28,1,28.741,0.772,1,0.43,2.032,0.909,0.717,0.05,0.02
349,organic,132,40,2,7.137,0.673,15,2.971,12.037,4.455,0.072,12.828,2.665
351,organic,55,46,2,11.591,0.698,10,1.935,9.515,5.069,0.321,8.621,1.263
351,anomalous,149,37,1,19.733,0.995,2,0.588,0.953,0.837,0.999,2.014,0.466
353,organic,25,9,1,9.931,0.456,7,2.327,6.608,5.28,0.142,7.507,4.665
354,organic,28,40,5,5.991,0.671,6,1.372,10.196,8.013,0.208,7.289,4.897
354,anomalous,104,66,2,13.404,0.82,2,0.292,2.698,0.75,0.692,0.252,0.028
355,organic,63,89,3,14.243,0.829,12,1.806,11.294,4.25,0.23,7.447,2.843
356,organic,22,63,2,14.051,0.917,3,0.703,8.617,8.498,0.262,4.25,3.047
357,organic,149,48,3,9.418,0.756,13,2.416,7.81,4.061,0.183,8.04,4.925
359,organic,131,48,3,4.996,0.602,6,1.148,8.449,6.42,0.058,9.178,3.997
361,organic,3,32,4,7.145,0.225,4,0.787,9.784,3.481,0.262,14.009,0.924
363,organic,89,9,2,3.709,0.208,9,2.823,11.95,4.987,0.007,6.246,2.836
365,anomalous,9,30,3,4.9,0.469,11,2.709,7.758,6.429,0.092,12.801,2.078
366,organic,80,52,2,17.361,0.768,4,0.713,7.555,5.091,0.102,8.353,2.767
368,organic,132,46,2,9.878,0.771,5,0.658,5.835,4.176,0.077,5.913,4.703
370,anomalous,169,20,1,12.209,0.77,6,1.447,4.457,1.509,0.438,0.785,1.299
380,organic,5,70,5,7.937,0.652,11,1.623,8.473,3.256,0.244,6.166,2.601
381,organic,73,63,5,5.253,0.455,5,0.905,15.665,2.448,0.071,7.713,2.526
382,organic,83,56,3,7.457,0.879,3,0.772,4.782,5.655,0.259,6.829,2.638
385,organic,52,20,1,9.13,0.621,4,0.865,9.597,6.331,0.074,7.774,4.463
386,organic,123,33,2,13.587,0.765,5,1.265,6.758,6.096,0.317,4.87,4.321
386,anomalous,26,54,2,16.769,0.707,5,1.015,6.773,3.084,0.543,3.93,0.194
388,organic,74,19,1,9.509,0.635,9,2.058,6.566,8.12,0.249,5.586,3.51
389,organic,135,50,4,6.509,0.551,15,3.12,11.1,5.346,0.111,5.254,3.779
389,anomalous,82,55,2,12.201,0.862,3,0.466,5.239,2.013,0.862,4.939,0.21
390,anomalous,131,29,2,6.639,0.783,6,1.251,5.263,0.699,0.523,3.875,1.367
391,organic,102,31,3,5.294,0.593,14,2.61,5.949,4.197,0.042,6.139,1.811
394,organic,63,38,5,3.442,0.362,12,2.298,13.603,7.893,0.102,7.703,2.869
394,anomalous,146,125,2,25.554,0.777,4,0.578,1.958,1.155,0.949,3.425,0.636
396,organic,53,15,2,5.779,0.719,6,1.505,16.12,7.258,0.188,7.245,4.447
399,organic,150,39,2,7.081,0.638,4,0.713,5.133,3.455,0.083,5.983,3.241
400,organic,62,32,2,6.873,0.569,2,0.609,4.665,7.471,0.336,6.377,3.769
400,anomalous,43,79,1,38.486,0.837,3,0.359,1.094,0.05,0.95,0.893,0.02
401,organic,122,11,1,9.252,0.915,6,2.391,5.107,8.577,0.284,5.691,1.909
402,organic,65,64,3,9.772,0.67,3,0.59,7.91,5.014,0.151,6.266,2.26
403,organic,120,24,2,8.489,0.724,9,2.073,7.121,2.211,0.124,7.895,2.386
406,organic,75,34,4,6.319,0.387,10,1.996,16.29,7.56,0.0,14.928,2.185
408,organic,162,50,3,9.246,0.755,11,2.302,5.208,7.453,0.043,9.339,3.878
409,organic,83,29,4,7.161,0.586,7,1.618,6.435,4.087,0.24,4.946,1.976
412,organic,110,38,2,7.684,0.6,7,1.489,9.55,2.538,0.197,9.141,1.714
413,organic,75,20,2,9.625,0.293,8,2.964,12.941,3.837,0.191,15.755,2.561
415,organic,4,78,4,7.873,0.695,12,2.251,3.656,6.98,0.109,4.864,0.951
416,anomalous,152,36,1,14.165,0.7,6,1.028,5.762,0.774,0.381,1.012,0.315
418,organic,104,79,5,6.555,0.821,14,2.223,12.103,4.082,0.129,8.313,2.705
418,anomalous,123,39,2,12.015,0.638,5,0.727,6.678,1.796,0.212,4.317,2.717
419,organic,164,43,4,9.458,0.508,11,1.985,10.959,5.485,0.238,6.078,2.644
424,organic,10,22,1,6.96,0.651,6,1.624,5.438,3.178,0.047,4.471,1.235
425,organic,64,43,2,13.585,0.897,5,1.239,6.989,3.36,0.297,3.99,1.72
426,organic,149,68,3,15.745,0.797,6,0.805,4.091,4.825,0.274,3.538,3.346
427,organic,62,21,3,5.14,0.502,8,2.67,9.375,5.242,0.044,7.561,2.033
427,anomalous,31,81,3,7.352,0.716,5,0.923,6.277,0.573,0.66,4.961,0.903
428,organic,126,29,2,6.137,0.738,13,2.775,12.446,3.823,0.007,5.766,1.85
430,organic,34,82,2,18.305,0.747,6,1.18,7.993,4.412,0.235,8.52,4.352
432,organic,50,40,2,16.907,0.763,6,1.12,5.139,4.609,0.391,5.554,4.425
435,organic,67,45,2,8.159,0.739,8,1.304,7.894,7.461,0.149,4.894,2.263
437,organic,70,38,4,9.428,0.536,14,2.467,9.7,4.233,0.174,8.378,1.284
437,anomalous,74,71,3,10.035,0.874,5,1.078,0.867,2.881,0.499,3.145,1.502
439,anomalous,24,100,2,16.351,0.699,4,0.657,3.647,1.147,0.341,4.233,0.42
440,organic,112,36,3,6.127,0.693,18,3.339,15.729,6.789,0.062,4.871,2.692
442,organic,72,29,1,10.271,0.457,5,1.253,9.429,7.098,0.066,7.304,3.371
442,anomalous,90,19,1,12.835,0.964,5,1.153,3.338,2.021,0.614,1.899,0.485
444,organic,43,56,6,3.95,0.526,14,2.794,12.952,3.856,0.046,6.541,2.548
446,organic,49,29,6,4.646,0.611,11,2.104,11.097,5.294,0.029,11.014,3.393
447,organic,42,101,3,13.864,0.693,3,0.445,5.803,5.834,0.333,3.962,4.268
447,anomalous,152,37,2,6.604,0.713,6,1.381,4.821,0.888,0.315,1.347,0.34
448,organic,100,28,4,5.518,0.511,12,2.097,9.267,5.824,0.0,7.215,1.464
449,organic,160,24,2,11.316,0.832,9,2.229,7.436,5.006,0.022,11.75,3.948
451,organic,166,31,6,7.944,0.494,5,1.178,13.946,5.103,0.13,10.952,2.231
452,organic,48,59,2,14.269,0.647,3,0.719,5.088,4.865,0.41,8.235,2.81
453,organic,132,9,2,7.062,0.686,5,1.705,7.092,7.062,0.11,8.328,3.205
454,organic,98,46,5,5.906,0.413,8,1.542,10.52,6.276,0.097,12.612,2.519
456,organic,41,59,2,12.69,0.706,13,2.383,6.506,6.228,0.346,9.314,2.134
456,anomalous,44,54,3,10.694,0.776,5,0.937,3.39,2.793,0.429,1.172,1.286
457,organic,167,28,1,14.359,0.838,8,1.884,4.312,5.694,0.149,7.081,2.186
464,organic,11,44,4,5.601,0.394,5,0.812,10.468,3.486,0.0,9.509,1.662
465,organic,48,23,3,5.515,0.543,9,1.89,11.7,8.378,0.14,13.745,3.75
466,organic,90,24,1,7.349,0.69,4,1.246,5.544,5.416,0.185,3.985,3.56
470,organic,136,14,1,10.262,0.872,8,2.77,5.069,2.979,0.219,6.855,3.721
472,organic,5,45,1,13.533,0.894,2,0.573,8.767,6.249,0.446,4.007,2.26
472,anomalous,116,65,2,8.565,0.695,3,0.604,7.097,2.582,0.502,1.883,0.736
474,organic,159,19,2,5.702,0.609,9,1.962,9.311,8.044,0.0,10.949,4.617
475,organic,78,36,1,13.984,0.829,3,0.711,3.206,3.593,0.156,5.317,3.24
476,organic,88,40,4,9.054,0.735,5,1.032,7.974,8.307,0.161,7.532,1.293
479,organic,27,12,2,6.65,0.425,14,3.984,5.695,6.8,0.0,11.964,1.121
480,organic,50,95,4,9.814,0.534,12,1.78,11.442,4.398,0.179,9.381,1.273
480,anomalous,108,46,4,10.345,0.792,7,1.435,4.587,1.318,0.578,6.79,2.31
481,organic,85,32,1,11.966,0.75,5,0.921,8.369,4.953,0.381,6.98,3.182
482,anomalous,156,50,3,9.727,0.731,8,1.574,6.609,3.262,0.176,5.85,0.94
483,organic,149,43,4,4.955,0.368,4,1.01,7.872,4.996,0.073,10.209,2.971
485,organic,160,41,6,3.047,0.544,14,3.139,16.768,3.141,0.065,13.607,1.073
487,organic,59,49,2,11.907,0.539,6,1.075,11.714,5.344,0.063,7.394,3.985
487,anomalous,41,54,1,21.63,1.0,1,0.188,0.812,0.724,0.644,1.254,0.406
488,organic,34,65,3,6.723,0.443,5,1.017,11.965,2.843,0.096,6.293,1.614
488,anomalous,126,50,4,8.476,0.655,9,1.585,6.662,1.1,0.213,5.137,1.549
489,anomalous,70,24,1,11.023,0.762,5,1.396,4.148,5.09,0.017,4.542,2.197
491,organic,20,87,4,6.931,0.747,12,1.675,9.419,3.177,0.069,10.216,4.166
492,organic,39,13,2,5.622,0.506,9,2.629,13.12,6.733,0.022,5.859,1.24
495,organic,81,8,1,5.789,0.714,6,2.188,9.327,7.424,0.138,6.049,3.7
497,anomalous,149,35,1,23.474,0.766,3,0.78,0.853,0.666,0.696,1.004,0.164
499,organic,101,25,2,5.616,0.44,6,1.577,14.861,7.832,0.069,11.515,4.394
499,anomalous,165,20,1,7.025,0.848,2,0.721,5.538,1.801,0.756,2.034,1.456
502,anomalous,154,95,2,19.301,0.764,5,0.311,3.506,0.926,0.591,3.955,0.117
503,organic,124,51,4,7.348,0.66,15,2.56,4.375,2.845,0.057,8.648,2.897
504,organic,43,27,1,14.401,0.833,7,1.32,10.574,4.608,0.184,3.94,2.073
505,organic,45,37,2,7.904,0.687,9,1.728,5.607,3.114,0.335,7.641,2.521
507,organic,91,9,1,6.889,0.516,5,1.622,5.423,5.544,0.224,9.242,1.303
508,organic,46,25,2,8.67,0.614,5,1.12,6.781,3.079,0.127,7.142,1.941
509,organic,54,28,2,3.985,0.368,14,3.208,11.108,5.63,0.105,9.919,4.96
509,anomalous,117,70,3,8.448,0.822,3,0.664,2.499,3.814,0.29,5.967,1.321
510,organic,143,32,2,6.29,0.59,11,2.008,1.951,5.885,0.022,5.329,2.425
512,organic,74,102,3,10.709,0.825,9,1.445,4.673,3.667,0.099,9.161,2.506
512,anomalous,33,41,2,13.199,0.945,1,0.39,3.223,0.714,0.782,1.788,0.02
514,organic,89,23,1,12.201,0.527,9,2.057,5.283,6.172,0.144,11.061,4.373
514,anomalous,84,69,1,23.842,0.999,1,0.168,0.427,0.642,0.917,0.122,0.02
517,anomalous,49,53,1,17.781,0.776,3,0.718,3.524,0.746,0.826,3.663,0.111
518,anomalous,98,42,2,11.1,0.79,9,1.643,7.767,2.064,0.457,4.692,1.342
519,organic,4,129,3,13.54,0.906,8,1.41,6.525,4.345,0.115,9.082,3.777
519,anomalous,168,51,1,27.522,0.917,4,0.697,0.446,0.313,0.838,0.93,0.12
521,organic,102,72,4,5.472,0.609,8,1.352,6.148,3.116,0.102,9.08,3.777
522,organic,25,40,2,8.906,0.597,4,0.836,3.618,4.644,0.311,2.871,1.972
523,organic,37,42,2,9.313,0.482,3,0.696,8.756,5.13,0.035,9.684,1.083
524,organic,125,18,4,5.273,0.7,7,2.459,8.721,5.691,0.11,10.068,2.4
528,anomalous,16,103,3,10.206,0.907,3,0.3,3.197,1.416,0.49,2.086,0.939
535,anomalous,29,85,3,11.326,0.677,6,0.55,3.218,1.274,0.503,2.232,1.261
537,organic,129,44,3,6.424,0.687,7,1.646,9.897,4.294,0.08,9.899,3.819
537,anomalous,128,33,1,26.236,0.923,3,0.797,0.513,1.668,0.668,0.087,0.289
540,organic,161,48,4,4.833,0.749,2,0.619,8.024,6.082,0.136,7.604,1.443
542,anomalous,86,42,1,18.3,0.798,3,0.647,2.892,0.327,0.896,0.717,0.249
545,organic,78,20,4,4.067,0.848,12,3.044,10.439,6.768,0.038,9.873,3.068
546,anomalous,162,51,3,17.678,0.703,4,0.768,7.516,0.459,0.295,1.943,1.13
550,organic,127,43,3,11.432,0.72,6,1.185,6.649,3.287,0.162,9.07,3.781
551,organic,82,11,2,2.657,0.513,9,3.293,10.528,6.454,0.082,14.382,2.005
552,anomalous,149,49,4,10.292,0.643,2,0.575,2.366,4.052,0.393,6.194,0.693
553,organic,85,72,2,15.682,0.853,16,2.65,7.393,3.257,0.373,7.82,3.624
554,organic,1,16,2,5.657,0.436,10,3.122,9.233,3.021,0.018,8.72,1.517
555,anomalous,93,64,2,13.112,0.769,3,0.632,2.299,0.896,0.99,0.486,0.687
556,organic,74,29,2,7.837,0.545,5,1.493,8.452,7.023,0.143,13.02,1.515
556,anomalous,97,64,1,22.651,0.785,2,0.54,1.797,0.771,0.496,3.22,0.472
557,organic,19,101,3,12.785,0.587,4,0.658,7.493,6.899,0.198,2.847,4.002
558,organic,48,40,2,15.0,0.808,7,1.038,6.741,7.251,0.326,4.085,4.19
560,organic,2,16,2,5.512,0.479,12,3.06,16.322,3.277,0.152,10.943,2.833
562,organic,17,33,1,17.166,0.735,5,1.528,5.76,7.158,0.435,5.73,4.25
563,anomalous,98,105,2,17.366,0.862,1,0.265,2.298,0.371,0.763,1.512,0.608
564,organic,95,19,1,7.527,0.755,5,1.052,7.321,4.147,0.11,6.28,1.061
565,organic,11,57,3,12.901,0.812,8,1.088,8.331,6.918,0.262,7.61,4.241
566,organic,15,11,1,7.045,0.648,4,0.961,6.963,6.98,0.179,4.316,3.827
566,anomalous,15,72,1,24.239,0.947,2,0.358,1.316,0.534,0.646,0.925,0.416
569,organic,45,13,1,9.514,0.746,7,1.743,3.09,6.869,0.333,2.074,4.789
573,organic,1,104,3,11.388,0.849,7,1.134,5.298,2.775,0.289,7.878,5.006
574,organic,17,12,1,6.567,0.426,10,2.391,6.89,3.434,0.204,8.318,2.127
576,organic,53,54,3,7.595,0.797,7,1.494,3.231,4.608,0.33,1.941,2.457
578,organic,114,40,2,12.449,0.651,4,0.657,6.795,7.045,0.134,10.209,3.808
579,anomalous,60,55,3,15.272,0.76,6,0.953,6.075,1.935,0.36,3.036,0.75
580,organic,110,9,1,7.1,0.83,5,1.348,6.844,3.602,0.108,4.712,4.413
581,organic,106,99,3,12.715,0.684,10,1.392,7.485,7.658,0.322,6.285,4.623
582,organic,117,11,2,5.583,0.405,9,2.52,10.649,3.49,0.028,12.997,1.799
588,organic,35,22,5,4.236,0.541,9,1.942,14.284,4.773,0.046,8.391,4.26
589,anomalous,169,57,4,9.083,0.649,8,1.56,2.827,0.883,0.354,6.485,3.004
594,anomalous,130,62,1,18.789,1.0,3,0.505,3.481,1.006,0.408,0.312,0.525
595,anomalous,39,62,2,23.158,0.731,5,0.761,3.64,1.253,0.561,0.995,1.309
596,organic,115,34,2,9.288,0.525,12,3.57,6.32,6.103,0.206,4.043,3.01
598,organic,3,56,3,10.73,0.579,12,1.977,1.615,7.877,0.0,3.676,4.185
599,anomalous,85,25,1,12.723,0.701,8,1.569,5.827,6.031,0.416,2.686,1.992
600,organic,33,41,2,9.211,0.447,10,2.015,8.405,2.875,0.173,11.822,1.275
602,organic,124,31,1,12.27,0.718,2,0.634,7.492,3.241,0.154,4.887,2.582
603,organic,18,30,1,17.112,0.8,7,1.482,5.048,5.041,0.34,4.046,1.659
604,organic,125,17,1,8.804,0.541,2,0.895,6.37,2.721,0.139,10.527,4.218
606,organic,73,91,3,16.146,0.65,14,2.362,10.925,4.54,0.165,3.415,3.626
608,organic,133,50,5,9.007,0.727,5,1.199,8.699,8.269,0.262,9.112,3.702
611,organic,151,114,3,15.747,0.826,4,0.776,6.373,3.238,0.321,4.706,2.52
612,anomalous,120,57,1,18.188,0.928,4,0.388,5.824,0.416,1.0,1.104,0.59
613,organic,149,27,3,4.36,0.525,9,2.232,11.155,6.848,0.075,7.117,3.386
614,organic,107,80,6,4.951,0.616,13,2.484,16.398,4.215,0.124,6.509,3.489
616,organic,87,23,2,7.952,0.663,5,0.808,9.433,5.319,0.078,5.021,4.013
618,organic,62,27,2,12.669,0.802,2,0.618,10.015,3.292,0.231,8.582,5.004
619,organic,17,12,1,10.781,0.797,7,1.726,8.029,6.649,0.2,7.04,4.168
624,organic,79,26,1,17.37,0.742,5,1.585,7.183,7.958,0.159,5.316,1.272
627,organic,169,42,6,3.159,0.398,5,0.994,10.885,2.321,0.105,6.108,4.15
627,organic,41,60,2,13.209,0.758,7,0.834,4.586,1.137,0.841,4.421,0.392
631,organic,30,91,3,9.174,0.857,8,1.515,6.894,6.315,0.185,6.065,2.474
632,organic,57,12,2,5.51,0.533,7,1.974,7.422,3.501,0.293,9.272,4.187
632,anomalous,169,31,1,11.803,0.749,7,1.267,4.949,3.02,0.446,4.312,0.952
635,anomalous,107,88,3,15.238,0.654,10,1.705,8.803,4.678,0.164,11.472,3.305
636,organic,77,11,1,6.551,0.727,7,3.213,3.491,5.354,0.088,5.128,2.971
638,organic,108,61,3,12.77,0.758,9,1.895,4.315,2.579,0.11,4.321,4.31
640,organic,147,45,5,4.17,0.615,9,2.221,7.749,5.671,0.025,8.868,3.831
644,organic,17,22,1,10.036,0.816,8,1.662,4.362,4.051,0.236,7.991,1.81
649,organic,34,30,4,9.391,0.525,5,1.184,10.155,3.699,0.018,8.237,3.608
650,organic,71,54,2,15.747,0.722,7,0.962,5.085,4.797,0.239,7.544,1.635
652,anomalous,88,52,1,25.095,0.836,3,0.472,2.08,0.861,0.82,3.827,0.495
654,organic,123,13,1,13.356,0.761,5,1.422,5.493,5.88,0.135,3.27,1.426
661,anomalous,21,67,2,24.573,0.953,3,0.47,0.071,0.222,0.7,0.299,0.816
664,organic,96,12,1,8.401,0.512,6,1.993,9.112,6.523,0.074,5.692,1.262
665,organic,104,27,1,10.183,0.652,5,1.11,9.88,3.171,0.048,10.54,2.601
667,organic,55,16,2,8.688,0.568,8,2.013,5.999,6.665,0.167,12.953,1.61
668,organic,77,18,2,6.16,0.693,13,2.961,6.916,3.198,0.25,11.354,3.768
670,organic,73,22,2,8.554,0.626,9,2.221,7.781,6.531,0.155,4.556,3.083
675,organic,45,14,3,2.919,0.315,3,0.927,10.838,6.786,0.118,13.232,1.465
677,organic,80,68,2,16.184,0.747,8,1.242,0.575,4.54,0.236,3.973,4.868
679,anomalous,46,12,1,7.778,0.75,3,0.762,4.696,2.476,0.498,2.845,0.143
680,organic,159,45,2,12.615,0.816,7,1.101,7.498,4.277,0.256,7.176,4.588
682,organic,124,13,3,4.313,0.632,5,1.366,10.68,6.731,0.068,5.905,1.353
682,anomalous,47,54,2,15.876,0.593,5,1.282,1.667,2.556,0.445,3.818,0.362
683,organic,57,45,3,8.812,0.742,15,2.549,8.558,5.698,0.097,6.332,1.605
684,anomalous,67,97,2,19.559,0.858,1,0.151,1.289,1.003,0.885,0.875,0.538
688,organic,122,26,2,5.078,0.468,16,3.634,12.202,7.387,0.111,13.051,4.322
689,organic,167,29,2,7.451,0.567,8,1.814,8.504,4.35,0.078,4.776,1.02
690,organic,122,73,5,5.941,0.466,19,3.159,9.397,6.779,0.181,8.15,4.515
691,organic,153,25,2,4.019,0.525,12,2.458,15.521,4.186,0.028,10.172,1.087
692,organic,2,72,6,5.324,0.571,11,1.712,12.154,3.97,0.088,11.768,2.035
696,organic,154,20,2,9.336,0.771,7,1.856,9.914,3.182,0.19,7.249,1.539
700,organic,111,12,3,3.782,0.717,8,2.337,5.972,5.481,0.207,6.624,4.626
701,anomalous,105,25,2,8.453,0.668,6,1.143,4.399,2.755,0.769,2.74,0.526
702,anomalous,105,57,3,12.335,0.882,3,0.462,4.62,2.422,0.719,0.515,1.193
704,organic,168,42,3,7.325,0.774,8,1.517,5.497,7.769,0.286,7.006,5.157
706,anomalous,134,85,3,10.292,0.563,8,1.111,6.798,1.766,0.348,4.8,2.553
707,organic,169,7,1,7.462,0.774,7,2.818,8.37,3.168,0.144,5.271,1.657
709,organic,87,39,2,16.627,0.771,1,0.536,8.35,3.421,0.277,8.55,1.94
710,anomalous,57,45,1,15.353,0.735,6,1.239,4.498,0.708,0.513,5.598,0.143
711,organic,98,41,1,17.313,0.811,3,0.614,3.754,5.569,0.11,4.712,5.017
712,organic,18,18,2,5.329,0.563,8,1.95,18.516,6.468,0.066,8.67,1.711
715,organic,66,46,5,4.029,0.67,7,1.416,10.056,6.542,0.083,14.982,1.48
716,organic,97,48,5,4.049,0.342,3,0.815,8.757,7.34,0.161,10.31,2.851
716,anomalous,69,46,2,21.592,0.825,3,0.581,3.19,2.071,0.776,3.003,1.479
717,organic,83,11,2,8.465,0.264,7,2.865,7.873,5.68,0.146,5.507,3.99
717,anomalous,14,54,2,9.983,0.674,3,0.479,3.021,3.911,0.594,5.1,1.878
718,organic,53,88,5,5.736,0.768,7,1.097,9.739,5.927,0.079,9.851,3.255
718,anomalous,130,33,2,10.119,0.765,3,0.824,1.509,1.867,0.692,3.234,0.38
719,anomalous,146,138,2,27.27,0.647,3,0.29,2.326,1.162,0.88,2.845,0.347
721,organic,93,45,3,10.179,0.631,16,3.194,9.506,5.558,0.22,11.247,2.926
722,organic,49,25,2,6.016,0.619,4,0.816,7.35,3.408,0.168,8.448,4.689
724,organic,15,66,2,14.11,0.868,3,0.701,3.306,3.986,0.103,2.628,1.454
726,organic,60,31,4,6.708,0.413,4,0.805,16.906,4.979,0.231,7.524,4.752
727,anomalous,37,45,1,18.557,0.82,1,0.332,1.363,0.996,0.393,0.35,0.567
730,organic,20,31,3,7.454,0.724,16,3.79,11.397,7.518,0.108,11.363,1.829
730,anomalous,76,101,2,28.671,0.788,1,0.164,5.273,0.96,0.872,2.884,0.432
731,organic,83,23,2,9.755,0.65,6,1.517,8.022,2.717,0.092,7.67,1.99
734,organic,156,19,2,8.985,0.528,11,2.359,6.365,3.717,0.039,9.289,1.82
735,organic,85,50,3,7.414,0.574,7,1.357,9.145,7.661,0.147,7.53,2.669
736,organic,13,61,2,8.959,0.682,11,1.733,10.953,3.993,0.19,7.248,2.931
738,organic,147,71,2,14.402,0.907,5,0.87,4.225,3.432,0.384,7.047,3.893
740,organic,153,19,3,5.768,0.847,11,2.628,5.597,5.693,0.05,10.607,2.907
740,anomalous,110,42,3,11.549,0.825,3,0.516,5.465,2.816,0.815,1.153,0.581
742,organic,33,24,4,8.721,0.773,12,3.157,10.496,6.996,0.031,5.344,2.216
745,organic,36,28,6,3.618,0.312,5,1.133,4.793,5.324,0.108,9.759,3.969
746,organic,112,25,2,10.002,0.824,6,1.482,7.286,4.677,0.309,4.365,4.444
748,anomalous,18,12,1,8.956,0.747,1,0.559,5.548,0.974,0.278,2.573,0.602
750,anomalous,45,31,1,15.058,0.987,2,0.631,0.05,1.354,0.871,1.225,0.557
751,organic,148,26,1,14.404,0.672,10,3.106,7.355,7.855,0.289,9.011,1.77
754,organic,90,22,3,5.836,0.453,17,3.289,17.145,7.796,0.123,12.955,3.534
755,anomalous,82,36,1,13.125,0.915,3,0.379,2.106,1.346,0.9,0.988,0.468
757,organic,61,24,2,5.979,0.684,14,3.021,19.204,3.187,0.062,12.012,4.546
758,organic,85,32,2,7.566,0.639,9,3.019,9.351,5.752,0.187,3.189,3.253
763,organic,161,68,5,9.472,0.648,9,1.759,8.233,7.21,0.3,12.163,4.462
763,anomalous,147,26,1,8.207,0.804,5,1.096,1.693,1.596,0.688,2.759,1.054
764,organic,36,39,2,6.243,0.683,16,2.975,4.798,6.733,0.062,10.076,2.946
766,organic,91,27,2,16.284,0.959,8,1.678,1.794,3.064,0.307,8.775,3.899
767,organic,105,48,3,16.967,0.756,9,1.408,5.084,4.14,0.239,3.449,1.167
768,organic,11,81,2,15.005,0.716,8,1.514,5.708,7.303,0.241,6.633,4.385
770,organic,5,43,2,11.56,0.439,11,1.829,3.498,7.467,0.124,8.471,2.3
771,anomalous,75,42,3,9.242,0.798,5,0.655,2.933,2.34,0.677,4.74,0.523
775,organic,132,20,3,5.526,0.756,8,1.813,7.045,3.941,0.233,7.529,1.757
776,anomalous,89,59,2,23.376,0.821,2,0.461,1.644,0.766,0.922,1.842,0.02
779,organic,151,44,2,11.716,0.717,9,1.812,3.507,2.799,0.08,3.873,1.512
779,anomalous,85,19,2,6.717,0.811,3,0.899,1.336,0.823,0.729,2.077,0.302
782,organic,118,13,1,5.055,0.531,11,2.997,9.862,8.408,0.166,11.026,3.996
786,organic,96,20,1,9.184,0.682,2,0.617,4.671,4.002,0.212,5.795,1.438
786,anomalous,132,34,2,16.5,0.923,3,0.812,1.831,1.507,0.842,1.441,0.744
788,organic,152,45,2,14.252,0.817,5,1.198,6.493,6.496,0.315,3.792,2.764
789,organic,146,26,1,15.982,0.922,4,0.818,3.852,4.428,0.274,3.573,2.105
791,organic,85,61,4,6.629,0.533,10,1.523,4.069,5.198,0.13,5.15,2.251
791,anomalous,55,38,1,13.024,0.861,1,0.351,4.051,0.708,0.513,3.574,0.319
793,organic,93,10,2,7.152,0.615,4,1.372,10.133,7.244,0.243,9.126,2.805
793,anomalous,59,80,1,28.835,0.909,4,0.287,3.335,0.718,0.597,1.48,0.336
794,anomalous,21,41,2,7.357,0.691,7,1.456,3.571,2.277,0.624,2.489,0.439
795,organic,154,16,1,7.438,0.773,7,1.686,3.602,5.007,0.321,5.19,4.564
796,organic,161,90,4,9.717,0.542,6,1.312,12.714,3.446,0.083,4.591,4.01
797,organic,133,122,2,18.864,0.876,2,0.413,2.67,2.985,0.265,7.599,3.282
797,anomalous,30,34,1,14.855,0.888,1,0.206,1.723,1.206,0.797,2.581,0.238
798,organic,69,41,2,11.767,0.622,9,1.846,8.16,7.516,0.106,10.213,4.73
798,anomalous,59,78,2,22.819,0.762,2,0.297,2.14,0.09,0.77,1.547,0.02
799,anomalous,66,45,4,6.606,0.641,3,0.649,1.927,1.121,0.374,5.121,2.065
809,organic,118,79,4,8.837,0.5,13,1.975,4.361,5.524,0.272,9.337,3.109
811,organic,48,20,2,9.605,0.66,8,2.347,6.732,5.501,0.12,4.842,1.908
813,anomalous,4,58,2,11.939,0.743,1,0.171,1.286,1.202,0.663,4.021,0.557
816,organic,103,37,6,6.547,0.615,13,2.759,8.056,3.173,0.263,6.318,3.038
817,organic,89,49,3,10.082,0.796,4,0.822,7.534,8.095,0.284,5.36,4.52
820,organic,140,72,2,14.476,0.702,10,1.754,6.872,4.654,0.303,5.492,3.796
821,organic,159,78,6,4.28,0.348,4,0.683,11.048,5.827,0.062,9.195,2.732
825,organic,162,47,4,4.006,0.623,14,2.658,7.49,6.044,0.102,13.266,2.009
826,organic,40,28,2,5.55,0.645,8,2.078,4.379,6.06,0.237,11.543,2.237
827,organic,28,47,2,17.309,0.926,9,1.571,4.858,7.037,0.256,8.066,4.569
833,organic,28,78,5,9.692,0.663,13,2.254,8.669,2.778,0.025,14.961,2.237
841,organic,146,29,2,8.736,0.736,6,1.257,2.395,7.55,0.31,2.64,2.191
844,organic,19,14,2,6.336,0.822,8,2.193,6.973,8.391,0.227,8.306,2.065
845,organic,46,66,5,7.502,0.691,10,2.645,8.679,7.655,0.34,7.947,2.315
847,organic,109,31,3,6.655,0.727,5,1.014,7.487,5.993,0.305,9.155,4.377
848,anomalous,142,116,2,22.254,0.908,7,1.069,1.438,2.12,0.433,3.952,0.797
849,anomalous,157,20,1,9.845,0.54,10,2.149,9.257,4.965,0.161,6.888,4.789
851,organic,124,31,6,5.637,0.426,6,1.06,7.485,6.698,0.047,8.587,2.175
852,organic,68,94,4,7.58,0.761,6,0.964,9.403,6.77,0.142,8.513,3.58
853,organic,91,20,1,11.169,0.587,9,2.065,9.017,8.371,0.147,5.328,3.691
855,organic,48,85,4,6.653,0.546,18,2.864,4.31,3.314,0.06,9.487,5.058
858,organic,117,47,6,6.226,0.611,15,2.373,11.807,7.365,0.088,10.471,1.581
861,anomalous,36,44,1,26.381,0.992,1,0.172,1.456,0.328,0.778,1.086,0.02
862,anomalous,83,35,3,9.309,0.955,3,0.555,4.527,0.717,0.713,4.764,1.032
863,organic,31,52,2,12.645,0.619,10,1.548,4.991,7.0,0.0,6.948,4.221
868,organic,75,31,3,9.219,0.611,5,1.066,6.811,4.092,0.058,8.144,4.015
870,organic,116,84,2,16.941,0.754,5,0.83,7.317,3.909,0.165,7.13,2.895
874,anomalous,150,10,1,9.591,0.716,6,0.733,4.565,3.25,0.869,5.209,1.229
877,anomalous,169,47,2,13.296,0.793,3,0.649,3.746,1.089,0.431,1.535,0.439
878,organic,49,37,3,9.523,0.82,5,0.768,3.662,4.253,0.21,5.536,3.769
883,organic,44,24,2,6.267,0.559,15,2.664,8.602,4.975,0.226,2.618,1.457
884,organic,58,38,3,9.524,0.684,8,2.247,6.986,6.189,0.278,12.483,3.616
884,anomalous,7,61,1,16.477,0.816,3,0.475,4.592,0.05,0.948,1.602,0.257
885,anomalous,109,97,3,13.296,0.672,8,1.239,5.186,2.931,0.472,2.517,2.462
887,anomalous,103,17,1,20.073,0.916,2,0.734,0.069,0.05,0.944,2.029,0.355
888,anomalous,117,148,3,19.428,0.673,2,0.426,3.885,2.445,0.714,1.091,0.668
890,organic,110,75,2,14.184,0.601,17,2.452,8.804,3.708,0.124,5.867,1.977
890,anomalous,150,174,2,36.204,0.891,1,0.132,2.929,0.284,0.847,0.757,0.185
892,organic,7,40,5,6.365,0.509,14,2.566,7.038,7.899,0.184,4.673,0.998
894,organic,87,51,3,8.795,0.892,12,2.007,8.391,6.054,0.163,7.486,1.245
896,anomalous,73,41,2,11.257,0.832,6,1.343,3.847,7.736,0.17,4.514,3.479
900,organic,0,26,3,5.856,0.609,12,2.797,6.856,3.069,0.034,11.038,2.503
900,anomalous,159,79,1,33.095,0.897,3,0.628,3.27,0.692,0.791,0.302,0.462
901,organic,80,19,2,8.057,0.474,12,3.345,6.064,7.471,0.214,9.41,2.82
902,organic,149,47,2,8.88,0.662,7,1.344,9.925,7.327,0.206,11.737,1.503
905,anomalous,59,34,1,31.904,0.917,3,0.75,0.439,0.778,0.761,2.025,0.02
908,anomalous,121,99,3,11.734,0.819,8,1.227,7.533,3.409,0.208,5.853,1.816
909,anomalous,138,77,2,22.115,0.802,2,0.34,5.303,2.783,0.783,3.817,0.975
912,organic,164,19,2,11.109,0.864,9,1.931,6.226,7.718,0.254,8.81,1.614
914,anomalous,55,61,3,14.011,0.723,2,0.441,5.417,3.265,0.467,2.617,1.156
916,organic,138,14,2,4.751,0.751,10,2.673,6.951,4.806,0.296,4.988,3.388
919,organic,85,50,2,13.369,0.769,3,0.462,5.753,2.699,0.286,4.921,4.744
919,anomalous,162,39,2,13.904,0.911,3,0.694,0.941,1.183,0.805,1.552,0.114
920,organic,55,36,3,5.704,0.567,11,2.218,9.776,6.555,0.031,9.478,2.921
924,organic,60,116,3,14.389,0.664,6,1.062,4.847,4.1,0.372,4.13,1.249
925,organic,98,13,4,6.238,0.412,10,3.027,7.857,7.772,0.051,13.568,4.949
926,organic,90,39,3,8.014,0.579,14,2.681,3.925,3.758,0.128,3.223,1.735
927,anomalous,33,50,1,27.062,0.737,2,0.554,0.05,0.469,1.0,2.416,0.097
930,organic,168,34,1,11.91,0.687,5,1.281,5.177,6.513,0.118,7.419,4.438
931,organic,52,42,4,3.84,0.364,14,2.393,11.738,4.2,0.118,12.556,1.845
932,organic,100,23,3,9.928,0.641,12,2.627,3.363,6.812,0.275,7.796,4.099
932,anomalous,152,59,1,31.333,0.747,3,0.488,3.1,1.689,0.958,1.245,0.508
933,organic,78,36,2,8.741,0.694,11,2.337,6.839,4.668,0.133,11.505,2.773
937,anomalous,112,30,1,17.769,0.824,3,0.537,1.096,0.583,0.916,0.05,0.376
940,organic,161,63,5,4.354,0.573,18,3.396,15.127,5.899,0.151,8.777,3.33
941,organic,14,56,3,9.782,0.752,17,2.872,6.619,4.305,0.111,3.384,3.028
944,organic,34,33,2,6.274,0.498,9,1.66,10.342,2.336,0.222,12.967,1.757
945,anomalous,156,52,2,6.953,0.615,5,0.477,4.898,1.41,0.58,3.036,0.646
948,anomalous,110,52,1,27.554,1.0,5,0.627,1.189,1.409,0.723,2.866,0.32
950,organic,162,10,1,9.612,0.526,6,1.842,8.987,5.536,0.307,5.483,1.637
955,organic,36,44,5,7.735,0.416,6,1.16,8.032,4.787,0.096,11.928,1.006
957,anomalous,28,70,1,28.995,0.778,3,0.725,6.539,0.746,0.628,0.188,0.317
959,organic,22,68,2,15.539,0.878,8,1.483,7.099,5.73,0.404,3.733,3.258
960,organic,135,46,3,14.783,0.837,5,1.182,7.955,4.751,0.163,5.105,4.413
961,organic,125,47,1,15.232,0.914,6,1.156,6.063,7.309,0.363,8.162,1.136
961,anomalous,96,46,2,12.632,0.762,5,0.839,6.499,2.642,0.381,2.899,1.238
963,anomalous,101,52,2,17.422,0.933,1,0.303,1.434,0.788,0.692,1.731,0.899
964,anomalous,160,40,3,7.57,0.565,9,1.491,4.756,4.396,0.606,5.787,3.108
965,anomalous,169,65,3,11.621,0.869,3,0.512,4.289,5.086,0.015,6.063,2.763
965,anomalous,161,123,2,16.612,0.847,4,0.472,3.071,0.605,0.889,3.896,0.504
966,organic,126,18,5,2.674,0.447,7,2.123,11.745,5.467,0.107,6.596,4.767
966,anomalous,41,73,1,17.784,0.899,4,0.451,3.571,1.526,0.831,1.502,0.285
967,organic,122,40,5,6.232,0.663,14,2.83,15.799,3.534,0.172,8.493,1.134
968,organic,162,26,3,8.493,0.433,18,3.869,16.206,7.287,0.267,11.147,5.122
969,organic,12,46,6,3.622,0.595,14,2.31,9.919,5.351,0.045,13.581,4.743
970,organic,107,48,3,5.208,0.22,7,1.146,11.094,5.91,0.063,9.155,1.251
970,anomalous,24,136,2,36.024,0.899,5,0.57,2.914,0.328,0.788,1.609,0.36
973,organic,5,55,6,5.702,0.547,14,2.463,10.585,7.422,0.133,6.143,4.716
974,organic,52,48,3,10.577,0.568,8,1.425,9.364,7.607,0.074,7.422,4.606
975,anomalous,64,120,2,29.457,0.971,2,0.385,1.426,1.523,0.708,1.548,0.252
978,organic,165,13,2,4.454,0.43,10,2.38,6.349,2.368,0.072,14.823,4.017
982,organic,123,48,1,17.012,0.821,6,1.155,4.02,5.826,0.315,4.372,1.042
983,anomalous,110,171,2,35.141,0.847,1,0.254,0.292,1.766,0.85,1.958,0.64
986,anomalous,113,79,2,17.177,0.947,1,0.338,1.522,1.386,0.693,0.882,0.232
989,organic,83,68,5,5.927,0.601,15,2.349,10.065,6.256,0.114,11.211,3.502
990,organic,136,23,2,5.602,0.634,6,1.338,8.968,2.595,0.083,13.393,2.812
992,anomalous,169,35,2,11.105,0.729,3,0.554,2.375,4.773,0.123,6.189,2.354
995,organic,59,28,2,6.992,0.556,9,2.038,12.24,7.068,0.181,10.177,4.716
996,organic,137,9,3,2.5,0.514,14,3.713,12.326,7.947,0.125,7.573,2.936
998,organic,38,26,2,7.128,0.85,5,1.14,8.837,4.598,0.384,4.575,4.231
999,organic,37,52,2,12.194,0.854,6,1.121,2.325,3.384,0.156,6.164,3.887
999,anomalous,134,29,1,13.978,0.8,3,0.703,5.56,0.727,0.454,3.818,0.735
1001,organic,59,28,2,6.432,0.648,11,2.406,7.023,3.897,0.086,9.312,3.321
1001,anomalous,157,38,2,12.193,0.734,2,0.71,4.654,3.456,0.287,5.103,2.351
1002,anomalous,53,108,3,15.789,0.955,5,0.911,5.716,1.308,0.254,2.907,0.495
1003,organic,120,21,1,7.334,0.697,5,0.912,5.441,7.003,0.312,8.807,3.758
1003,anomalous,55,15,1,11.271,0.968,6,1.137,3.483,1.365,0.461,4.475,1.127
1004,organic,137,33,2,10.599,0.661,8,1.557,6.82,2.554,0.225,5.135,3.711
1006,anomalous,23,37,4,7.029,0.638,16,3.117,12.352,5.989,0.151,10.69,1.553
1011,anomalous,162,14,1,12.24,0.797,6,1.158,2.91,0.815,0.822,2.174,1.069
1016,organic,156,29,2,11.711,0.742,12,2.626,7.381,3.872,0.222,9.065,3.138
1017,anomalous,33,41,1,12.88,0.677,9,1.738,4.301,2.408,0.149,6.747,4.08
1019,organic,141,46,3,13.662,0.554,8,1.79,4.978,8.027,0.199,9.667,3.642
1021,anomalous,112,102,4,10.076,0.639,5,0.822,3.126,2.525,0.579,3.963,1.25
1023,organic,133,35,4,10.514,0.849,7,2.049,5.214,2.791,0.154,7.262,3.838
1024,organic,15,35,2,7.841,0.631,4,1.022,9.009,4.687,0.06,10.415,1.609
1025,organic,38,25,1,9.125,0.577,7,1.325,11.181,3.82,0.208,9.889,0.995
1025,anomalous,63,53,1,20.252,0.865,3,0.469,1.74,1.299,0.867,1.577,0.386
1028,organic,9,19,2,4.911,0.83,11,2.859,8.226,4.798,0.161,9.421,1.19
1029,organic,116,13,2,6.125,0.511,7,1.937,8.828,6.599,0.151,9.691,2.058
1032,organic,148,64,3,6.685,0.801,6,1.163,4.394,7.451,0.34,3.135,3.794
1033,organic,21,46,5,9.252,0.744,7,1.325,11.744,4.29,0.235,8.925,2.921
1034,organic,48,15,3,6.409,0.309,7,2.318,9.916,7.895,0.297,10.662,1.927
1034,anomalous,3,22,1,9.182,0.861,5,1.645,2.876,2.808,0.662,3.318,0.664
1035,organic,90,39,4,5.849,0.534,10,2.154,10.343,3.907,0.132,7.408,4.656
1036,organic,163,79,6,6.059,0.404,5,0.566,7.89,4.229,0.062,14.888,1.117
1038,organic,130,37,5,3.499,0.455,11,2.278,5.43,4.994,0.098,8.279,3.577
1039,organic,25,41,5,10.357,0.467,7,1.72,9.29,8.103,0.179,9.641,4.568
1040,organic,69,24,3,4.88,0.649,10,2.767,9.133,4.863,0.1,6.333,3.165
1041,organic,131,14,2,5.228,0.65,16,3.565,14.856,6.703,0.082,5.75,4.223
1041,anomalous,31,34,2,7.26,0.594,5,0.439,5.433,1.274,0.326,2.29,0.931
1042,organic,132,21,2,8.206,0.631,12,2.513,10.27,5.098,0.196,4.808,2.736
1044,organic,125,55,2,11.749,0.727,7,1.294,10.806,2.981,0.239,3.999,2.133
1046,anomalous,36,34,1,17.471,0.774,6,0.585,3.276,0.316,0.664,0.62,0.261
1047,organic,90,18,3,6.621,0.788,14,3.318,10.839,6.695,0.125,9.919,4.492
1050,anomalous,46,26,3,5.437,0.639,7,1.503,9.853,2.957,0.544,6.378,1.096
1051,anomalous,35,53,3,14.755,0.873,7,1.129,2.181,1.227,0.682,4.475,0.195
1052,anomalous,53,65,3,19.421,0.649,8,0.882,2.018,1.192,0.316,5.025,0.559
1055,organic,102,46,3,5.732,0.262,4,0.795,18.318,5.919,0.061,11.262,3.567
1056,organic,106,32,3,5.929,0.346,12,2.438,13.227,4.858,0.031,15.608,3.569
1057,organic,52,28,1,9.015,0.686,7,1.556,11.96,4.567,0.098,11.414,3.509
1058,organic,73,29,4,4.309,0.674,8,1.763,8.014,4.778,0.055,7.411,1.673
1059,organic,10,31,2,13.345,0.815,3,0.604,4.582,8.64,0.185,4.763,4.513
1060,organic,32,24,3,5.469,0.471,7,1.533,6.988,5.198,0.121,13.018,0.831
1066,organic,73,97,3,13.692,0.761,3,0.461,6.628,7.836,0.294,6.429,1.504
1067,organic,73,42,3,8.004,0.552,13,2.811,10.791,6.175,0.083,11.629,3.525
1067,anomalous,21,105,3,18.463,0.739,4,0.286,4.135,2.646,0.416,2.971,0.356
1070,organic,135,33,4,3.771,0.633,9,2.307,11.868,5.532,0.101,6.324,2.754
1075,organic,78,29,2,10.021,0.572,7,1.352,3.75,5.245,0.028,9.86,1.643
1077,organic,150,49,6,7.315,0.612,6,1.169,4.005,2.89,0.069,6.784,4.587
1079,organic,82,31,4,4.997,0.846,11,2.325,9.876,6.018,0.099,7.061,1.802
1081,organic,146,52,6,4.984,0.307,12,2.206,14.927,6.684,0.056,13.002,2.916
1082,organic,27,56,5,9.46,0.632,11,2.233,9.15,3.481,0.283,11.218,3.672
1084,anomalous,138,57,2,17.379,0.739,5,1.117,6.024,2.668,0.433,2.046,0.41
1090,organic,15,47,4,5.62,0.718,10,1.967,6.476,6.988,0.247,6.193,2.726
1090,anomalous,84,27,1,28.227,0.732,3,0.94,3.588,1.89,0.564,2.034,0.504
1094,anomalous,36,63,6,5.919,0.604,11,1.871,12.161,6.379,0.118,14.326,4.593
1095,organic,150,27,3,7.432,0.522,19,3.423,12.106,6.987,0.125,14.578,4.527
1098,organic,160,69,3,12.892,0.603,10,2.246,6.476,5.281,0.113,8.541,1.138
1098,anomalous,94,51,2,15.95,0.719,6,1.271,5.669,1.205,0.409,1.544,0.184
1101,organic,6,41,3,5.788,0.605,13,2.634,10.353,7.999,0.126,10.042,1.645
1104,anomalous,37,47,1,25.25,0.877,2,0.161,0.881,1.228,0.844,1.584,0.831
1106,organic,37,62,3,7.61,0.597,7,1.337,11.137,5.229,0.129,7.708,2.123
1107,organic,30,22,2,8.026,0.675,4,0.991,11.52,8.33,0.214,7.732,4.164
1108,organic,3,31,2,8.892,0.593,14,3.181,8.582,5.751,0.108,9.668,3.331
1108,anomalous,51,77,2,16.481,0.786,1,0.142,4.663,0.629,0.558,3.528,0.09
1110,anomalous,136,15,2,7.264,0.632,3,0.473,6.422,2.019,0.647,4.522,1.083
1111,organic,132,28,5,4.518,0.648,6,1.178,8.189,6.79,0.044,9.834,3.913
1111,anomalous,68,28,1,19.238,0.78,4,0.783,3.705,0.984,0.518,4.144,0.58
1113,organic,30,78,5,4.791,0.272,5,0.781,11.298,5.122,0.047,11.809,1.999
1118,organic,11,30,1,12.107,0.565,9,1.69,11.382,6.814,0.195,10.009,1.903
1118,anomalous,80,18,1,14.761,0.878,1,0.209,2.735,0.527,0.658,1.029,0.165
1120,anomalous,20,24,1,17.638,0.801,4,1.038,2.758,0.353,0.676,3.099,0.706
1121,organic,161,12,1,6.974,0.714,6,1.687,7.169,2.657,0.305,2.455,3.804
1123,organic,144,17,1,11.173,0.756,4,0.999,6.665,7.8,0.277,7.572,3.971
1123,anomalous,23,58,1,20.112,0.921,5,0.684,1.478,1.882,0.795,0.05,0.534
1124,organic,137,48,3,5.181,0.38,4,0.737,9.725,7.611,0.284,9.091,4.023
1125,organic,118,60,3,10.733,0.653,11,1.914,11.18,5.49,0.257,8.224,1.614
1130,organic,135,56,4,7.218,0.613,9,1.667,7.76,4.389,0.136,12.109,3.892
1134,organic,27,17,1,7.692,0.775,2,0.625,3.674,2.904,0.397,3.597,1.763
1139,organic,54,25,3,4.613,0.794,5,1.28,5.379,3.657,0.029,6.796,4.116
1140,organic,2,22,1,10.107,0.634,4,1.326,6.875,7.345,0.156,5.216,1.853
1146,organic,13,48,3,14.125,0.765,2,0.529,4.705,5.578,0.196,7.536,4.141
1147,organic,8,20,1,8.388,0.899,3,0.882,6.511,6.799,0.263,7.947,4.026
1148,organic,66,15,2,4.47,0.617,14,2.868,8.774,4.495,0.0,8.286,4.408
1149,organic,74,16,2,9.499,0.71,12,4.007,16.323,6.226,0.126,5.789,2.764
1150,organic,5,128,5,11.568,0.627,10,1.315,11.651,4.758,0.344,5.216,1.824
1151,anomalous,168,42,2,11.61,0.686,2,0.555,3.53,3.784,0.265,5.392,1.659
1152,anomalous,1,48,2,15.63,0.697,8,1.212,4.601,2.137,0.326,1.55,1.09
1154,organic,70,114,3,15.373,0.707,5,0.833,4.89,5.629,0.072,3.136,2.234
1155,anomalous,20,121,3,13.642,0.917,6,0.402,6.216,2.038,0.311,1.861,0.62
1156,organic,99,18,2,3.89,0.24,14,3.847,9.053,6.348,0.234,5.676,4.009
1157,organic,135,21,2,6.618,0.698,18,4.368,14.387,8.195,0.076,12.205,1.028
1160,organic,115,14,3,5.608,0.656,5,1.1,6.476,4.979,0.255,8.469,3.387
1164,anomalous,102,129,2,25.686,1.0,3,0.385,1.411,0.654,0.717,0.682,0.373
1166,anomalous,156,36,1,31.795,0.917,2,0.6,2.637,0.909,0.883,1.555,0.295
1167,organic,143,32,4,7.221,0.558,8,1.979,11.088,5.22,0.181,5.55,4.145
1168,anomalous,0,57,2,17.856,0.737,2,0.173,2.681,0.275,0.674,1.81,0.478
1170,organic,131,10,1,9.841,0.802,3,1.066,2.714,4.0,0.333,3.09,3.645
1173,organic,108,78,2,14.671,0.848,5,0.771,5.678,7.731,0.319,5.211,3.885
1174,organic,23,35,3,5.109,0.601,12,2.182,9.39,7.211,0.236,9.798,4.038
1181,anomalous,118,61,2,12.019,0.732,7,1.115,1.879,2.285,0.677,2.274,0.02
1182,organic,114,8,1,10.073,0.519,6,2.337,6.653,7.517,0.203,9.412,3.186
1183,anomalous,98,18,1,17.802,0.764,1,0.519,2.921,0.963,0.689,1.676,0.02
1185,organic,76,13,2,4.877,0.54,11,2.461,9.997,5.293,0.08,10.552,3.684
1185,anomalous,1,28,1,11.627,0.742,3,0.575,5.737,1.51,0.652,1.817,0.735
1186,organic,129,26,4,9.459,0.583,11,3.51,6.798,2.528,0.099,13.485,1.649
1188,organic,74,46,3,5.831,0.577,13,2.679,10.413,4.0,0.381,6.135,4.804
1189,organic,77,104,5,6.777,0.675,11,1.946,8.715,6.274,0.118,9.705,4.199
1190,organic,128,13,1,7.969,0.642,9,2.387,10.392,6.909,0.197,7.434,3.22
1191,organic,132,76,2,14.614,0.885,12,1.957,10.917,7.457,0.138,9.819,2.319
1191,anomalous,161,31,2,8.27,0.719,4,0.999,1.82,2.684,0.884,2.925,0.02
1192,organic,64,33,2,5.885,0.547,4,0.939,8.742,7.301,0.053,10.112,3.858
1193,organic,51,76,2,9.533,0.507,5,0.841,5.25,8.445,0.185,4.634,4.482
1195,organic,132,18,3,6.099,0.532,12,3.084,9.233,3.854,0.0,9.598,3.892
1195,anomalous,33,50,1,24.25,0.946,6,0.464,2.999,0.784,0.573,0.849,0.477
1196,organic,120,13,2,6.258,0.702,3,0.696,8.573,7.356,0.193,11.312,3.325
1197,anomalous,169,29,1,22.682,0.933,1,0.199,2.093,1.393,0.691,2.021,0.308
1198,organic,110,15,2,8.931,0.613,8,2.434,8.438,6.851,0.121,8.699,4.215
1199,organic,55,50,3,8.121,0.836,6,1.207,5.34,3.982,0.234,2.575,3.596
1200,organic,106,36,1,12.314,0.811,3,0.737,5.914,3.638,0.204,8.252,2.686
1201,anomalous,105,31,3,10.687,0.655,6,1.138,3.03,2.262,0.356,4.441,1.521
1202,organic,166,19,1,8.54,0.531,10,2.508,8.996,3.957,0.096,3.881,2.575
1203,organic,97,32,2,5.863,0.678,9,1.87,13.384,6.71,0.161,6.719,1.137
1204,anomalous,57,16,1,15.617,0.714,4,0.859,3.177,1.018,0.565,1.221,1.378
1205,anomalous,27,68,1,29.503,1.0,1,0.151,1.285,1.688,0.834,1.6,0.353
1206,organic,100,34,2,9.49,0.827,8,1.848,9.72,3.592,0.162,8.07,2.503
1207,organic,29,37,1,11.669,0.735,17,3.038,8.208,7.585,0.133,9.417,2.567
1211,organic,68,26,4,5.571,0.565,11,2.66,11.165,2.833,0.235,11.698,2.821
1213,anomalous,161,49,2,15.057,0.806,6,0.653,1.192,0.34,0.952,1.52,0.867
1214,organic,2,59,5,4.439,0.654,10,2.03,13.837,3.215,0.087,14.146,1.46
1214,anomalous,105,21,1,7.054,0.939,3,0.835,5.951,3.494,0.698,3.006,1.158
1215,anomalous,159,63,4,11.576,0.813,4,0.655,4.143,2.211,0.357,4.951,2.333
1216,organic,128,64,1,24.899,0.769,4,0.68,3.101,1.382,0.801,1.175,0.884
1217,anomalous,0,50,1,26.106,0.944,3,0.727,2.63,1.311,0.626,0.05,0.206
1218,organic,149,42,3,9.528,0.768,7,1.387,4.805,2.617,0.367,3.358,4.471
1219,organic,132,19,1,6.804,0.54,11,2.841,4.022,6.63,0.16,5.088,3.612
1219,anomalous,167,84,2,31.981,0.7,4,0.306,3.473,0.149,0.62,4.051,0.792
1220,organic,35,8,1,5.467,0.827,6,2.04,8.153,6.563,0.169,9.499,1.335
1221,organic,56,55,5,9.644,0.717,5,1.11,11.343,5.345,0.045,5.752,4.5
1223,organic,83,20,1,8.917,0.797,3,0.703,6.764,3.995,0.2,11.077,4.232
1227,organic,112,25,2,6.043,0.798,4,1.088,12.758,3.718,0.046,12.109,3.445
1227,anomalous,86,105,4,13.259,0.857,7,0.711,4.802,1.512,0.377,4.791,2.517
1229,organic,132,37,2,16.084,0.653,5,1.006,6.313,7.22,0.298,2.696,3.706
1229,anomalous,34,47,1,33.446,0.795,1,0.175,1.414,0.777,0.668,2.137,0.729
1230,anomalous,91,107,3,13.667,0.801,7,1.029,3.975,3.251,0.443,1.819,0.369
1233,anomalous,90,42,3,5.21,0.607,8,1.218,5.816,2.853,0.313,4.69,1.261
1234,organic,70,79,5,6.671,0.359,5,0.882,6.911,2.813,0.076,9.43,2.283
1236,organic,111,100,5,9.502,0.674,10,2.132,12.33,2.813,0.184,7.455,2.392
1236,anomalous,124,115,2,31.066,0.956,3,0.462,1.746,0.672,0.774,0.091,0.55
1239,anomalous,123,66,1,20.103,0.78,1,0.34,5.875,0.05,0.826,2.159,1.66
1240,organic,85,56,6,5.171,0.585,11,2.574,8.778,4.665,0.086,8.626,1.417
1244,organic,149,77,2,16.184,0.617,11,2.036,8.248,4.219,0.028,8.17,4.742
1246,organic,97,39,6,4.634,0.579,8,1.177,9.029,8.141,0.077,13.927,1.521
1247,organic,122,22,1,11.449,0.905,4,0.89,9.041,5.21,0.283,3.38,3.528
1248,organic,81,36,2,11.039,0.727,6,1.191,6.067,3.896,0.245,6.346,3.865
1252,organic,169,62,5,6.697,0.59,17,3.13,15.632,4.22,0.069,13.201,1.986
1252,anomalous,11,103,2,19.47,0.741,5,0.592,2.548,2.256,0.725,2.467,0.37
1253,anomalous,119,36,2,10.63,0.759,5,0.72,4.995,3.094,0.332,3.226,1.285
1254,anomalous,83,115,3,19.894,0.76,4,0.814,1.774,1.655,0.675,3.745,1.262
1261,organic,51,75,3,12.341,0.731,12,1.798,7.298,2.24,0.111,5.036,1.944
1263,organic,117,48,1,16.856,0.725,3,0.682,7.981,2.121,0.275,4.882,3.416
1263,anomalous,40,80,2,14.917,0.908,2,0.307,0.05,0.891,0.861,1.674,0.655
1264,organic,13,30,1,14.24,0.643,4,0.868,1.6,8.342,0.361,5.555,3.676
1265,anomalous,39,69,3,10.003,0.847,7,1.183,2.125,0.673,0.8,0.89,0.264
1268,organic,139,29,3,7.291,0.829,4,1.091,10.035,3.338,0.135,3.547,1.109
1269,organic,125,23,3,4.5,0.772,6,1.986,14.243,4.04,0.229,6.168,1.41
1270,organic,54,38,4,7.404,0.711,5,1.029,9.678,4.617,0.264,8.539,4.23
1271,anomalous,69,152,4,14.988,0.718,4,0.732,3.973,1.8,0.638,4.109,2.449
1272,anomalous,110,35,4,5.97,0.671,5,1.155,5.297,2.745,0.476,3.456,1.144
1273,anomalous,27,85,2,15.68,0.786,6,0.866,1.832,2.394,0.569,2.938,0.47
1274,organic,147,41,3,8.584,0.788,11,2.085,9.407,6.325,0.009,12.201,4.371
1279,organic,0,30,1,15.919,0.95,6,1.201,4.923,3.566,0.213,3.307,4.442
1280,organic,76,65,3,11.111,0.68,4,0.788,4.994,4.152,0.377,6.012,4.643
1280,anomalous,18,77,4,10.874,0.54,8,1.34,8.488,0.728,0.296,5.186,2.884
1281,organic,70,43,5,10.638,0.708,19,3.629,7.224,5.478,0.321,8.515,2.216
1282,anomalous,132,12,1,7.993,0.715,2,0.48,7.428,0.691,0.377,5.34,0.55
1285,organic,165,35,3,5.501,0.623,4,0.985,9.243,3.399,0.053,10.429,2.885
1286,organic,164,46,5,4.878,0.406,7,1.658,8.606,6.207,0.254,8.231,1.227
1286,anomalous,134,39,1,20.909,0.692,5,0.693,0.05,0.598,0.765,2.343,0.02
1287,organic,69,57,3,7.941,0.646,13,2.429,11.061,5.572,0.15,8.852,1.363
1289,organic,43,71,4,5.071,0.773,8,1.379,11.476,5.334,0.06,8.382,4.837
1289,anomalous,63,69,2,18.986,0.892,2,0.303,0.62,1.295,0.771,2.384,0.618
1290,organic,51,118,5,9.383,0.582,16,2.517,11.998,7.187,0.054,8.386,2.92
1296,organic,123,26,4,8.231,0.542,11,2.329,12.119,6.962,0.311,5.327,3.429
1298,organic,152,83,3,11.958,0.663,11,2.02,9.415,7.789,0.1,5.295,1.419
1300,anomalous,67,38,2,8.159,0.694,9,1.677,7.219,4.216,0.564,6.367,1.785
1302,organic,166,33,2,9.843,0.784,6,1.693,3.811,2.677,0.306,4.203,3.616
1306,organic,131,25,1,12.498,0.425,4,0.852,6.928,6.328,0.198,10.959,4.569
1308,organic,33,23,2,4.383,0.549,13,3.338,11.866,5.65,0.189,7.733,1.94
1312,organic,19,92,3,10.463,0.867,16,2.342,5.913,8.821,0.117,9.699,2.033
1312,anomalous,133,13,1,12.016,0.899,4,1.055,1.74,1.21,0.903,0.858,0.941
1317,organic,145,13,1,10.62,0.814,7,1.817,7.179,5.651,0.264,4.051,2.971
1320,organic,12,20,3,9.994,0.524,8,2.963,8.826,3.032,0.057,8.972,1.405
1321,organic,31,17,2,8.383,0.795,10,2.773,10.266,7.675,0.112,8.491,1.027
1324,organic,131,30,3,4.527,0.685,6,1.797,7.214,7.778,0.201,5.955,1.486
1325,anomalous,126,86,3,9.443,0.709,1,0.592,6.736,1.443,0.418,3.599,2.534
1326,organic,41,15,1,7.103,0.607,5,1.628,8.611,3.918,0.266,8.264,1.195
1326,anomalous,105,18,2,8.882,0.762,9,2.235,6.111,2.611,0.382,7.45,2.554
1329,organic,0,79,3,12.51,0.635,2,0.493,5.976,5.275,0.381,3.929,3.072
1332,organic,75,33,2,8.429,0.601,9,1.816,10.617,7.047,0.0,8.795,1.058
1333,anomalous,36,37,2,10.668,0.869,4,0.635,3.083,0.418,0.878,4.083,0.413
1334,organic,95,17,1,13.608,0.622,11,2.728,8.484,8.202,0.184,12.183,3.685
1335,organic,72,62,5,7.811,0.297,8,2.133,8.829,7.741,0.172,9.868,2.219
1336,organic,96,52,4,4.795,0.571,8,1.657,8.087,5.918,0.063,8.822,0.915
1337,organic,128,86,3,10.035,0.667,5,0.84,4.955,6.672,0.168,9.334,1.941
1341,organic,124,38,6,4.098,0.443,9,1.9,11.661,2.562,0.05,7.054,3.209
1342,organic,101,9,1,8.186,0.7,5,1.664,6.54,8.63,0.114,6.204,2.685
1346,organic,164,20,3,3.173,0.576,8,2.097,10.467,3.825,0.009,15.11,2.701
1348,organic,78,20,2,4.836,0.448,9,2.508,12.181,4.515,0.127,10.228,2.847
1351,anomalous,122,31,3,5.305,0.494,15,2.86,6.663,6.589,0.251,7.197,1.374
1355,organic,122,31,2,5.116,0.361,11,2.051,10.745,4.988,0.287,6.312,3.95
1356,organic,169,34,3,8.93,0.924,6,1.068,6.393,8.445,0.21,5.518,1.758
1357,organic,21,7,2,3.258,0.255,12,3.489,6.602,6.238,0.0,11.488,4.78
1360,organic,21,44,2,15.232,0.796,4,0.981,4.089,3.249,0.236,6.966,3.073
1360,anomalous,23,26,1,11.802,0.789,3,0.65,3.049,0.05,0.623,0.438,0.455
1361,anomalous,8,69,2,26.648,0.768,2,0.529,1.34,0.18,0.746,0.668,0.952
1367,organic,37,21,2,10.675,0.79,4,0.867,8.948,8.155,0.143,5.471,3.137
1369,organic,73,29,3,3.01,0.484,12,2.447,7.408,6.476,0.0,10.804,4.83
1370,organic,134,27,1,14.133,0.748,14,3.043,5.253,5.518,0.258,6.1,2.772
1372,organic,99,49,2,14.48,0.693,14,2.375,9.646,3.731,0.307,8.126,4.289
1376,organic,114,28,2,9.267,0.657,3,0.728,8.648,6.082,0.041,11.39,1.625
1383,organic,47,17,2,7.082,0.582,6,1.547,9.025,7.545,0.113,12.117,2.584
1386,organic,89,28,1,12.312,0.914,3,0.538,5.217,3.323,0.385,5.318,4.193
1391,organic,134,56,3,7.529,0.428,10,1.768,5.06,6.316,0.102,10.035,2.375
1394,organic,131,32,2,6.126,0.508,5,1.086,4.314,6.687,0.137,5.193,3.289
1397,organic,101,53,2,10.719,0.871,5,0.935,3.912,5.563,0.343,7.46,1.407
1399,anomalous,160,162,2,28.794,0.939,3,0.539,1.13,0.904,0.79,1.303,0.255
1402,organic,162,34,2,9.345,0.634,5,1.006,4.642,5.337,0.135,11.004,3.049
1403,organic,108,42,4,5.388,0.692,6,1.414,4.378,6.974,0.04,7.0,2.452
1405,anomalous,77,70,3,11.669,0.7,6,0.942,4.982,2.731,0.271,6.026,2.7
1408,anomalous,137,55,2,15.644,0.792,5,1.074,6.927,4.908,0.383,6.367,1.986
1411,organic,146,25,3,4.486,0.62,14,2.938,10.248,3.121,0.034,12.287,4.435
1414,organic,163,66,5,8.778,0.557,8,1.885,8.844,7.298,0.045,10.044,4.882
1415,organic,152,42,4,7.473,0.471,14,2.641,10.549,6.565,0.073,13.612,2.646
1416,organic,114,60,6,5.098,0.588,7,1.393,14.672,5.097,0.083,15.257,4.695
1418,organic,49,44,5,7.186,0.397,5,1.065,6.962,8.097,0.046,10.939,1.555
1421,organic,134,49,2,11.921,0.775,5,1.033,4.32,5.545,0.405,6.056,4.789
1422,organic,120,28,4,4.853,0.455,9,1.815,9.412,4.104,0.033,12.058,1.508
1423,organic,98,30,1,17.408,0.89,4,0.708,5.574,7.078,0.262,4.637,2.745
1423,anomalous,144,25,1,27.189,0.88,1,0.661,1.828,0.951,0.863,1.107,0.511
1425,organic,71,53,4,6.766,0.543,6,0.946,9.904,6.683,0.108,10.863,1.767
1426,organic,13,29,3,4.989,0.229,11,1.964,8.772,7.557,0.018,13.731,1.204
1430,organic,134,56,2,9.054,0.648,8,1.272,6.156,8.681,0.162,10.759,4.106
1433,organic,78,92,3,14.471,0.794,3,0.477,7.542,5.604,0.394,2.969,2.114
1434,organic,98,17,1,9.831,0.579,3,0.688,8.042,6.789,0.291,9.946,2.608
1435,anomalous,96,32,2,12.614,0.852,3,0.57,0.05,0.828,0.821,0.201,0.783
1437,organic,56,71,2,14.869,0.781,6,1.043,5.293,7.419,0.316,3.408,3.653
1438,organic,78,29,3,6.007,0.58,5,1.321,10.719,6.437,0.067,12.374,2.886
1439,organic,61,10,1,10.644,0.893,2,1.076,1.602,5.257,0.201,7.27,4.5
1440,organic,40,30,2,7.814,0.798,5,1.028,7.055,8.323,0.06,5.926,1.74
1441,organic,29,43,4,4.846,0.867,15,2.598,6.141,2.739,0.052,11.926,3.613
1442,organic,72,45,2,12.873,0.459,7,1.66,11.034,6.719,0.2,8.042,4.135
1442,anomalous,144,67,2,14.551,0.659,4,0.627,6.434,1.812,0.514,1.576,1.56
1446,anomalous,23,22,1,14.196,0.916,2,0.448,0.05,0.472,0.974,0.69,0.797
1447,organic,68,22,1,10.025,0.936,3,0.699,6.119,4.89,0.282,6.659,2.421
1451,organic,168,50,4,5.885,0.605,7,1.404,9.238,5.003,0.238,8.708,1.52
1451,anomalous,160,109,2,21.743,0.733,2,0.404,3.425,0.516,0.956,3.784,0.514
1453,organic,41,15,2,5.002,0.254,10,2.226,9.538,5.723,0.112,7.63,3.475
1454,organic,156,11,2,4.935,0.732,5,2.11,6.117,4.046,0.162,10.302,4.108
1454,anomalous,14,18,2,5.312,0.831,5,1.52,4.729,1.792,0.405,4.038,2.388
1456,anomalous,165,40,2,10.88,0.648,7,1.342,11.027,3.928,0.56,7.102,1.601
1463,organic,111,44,2,11.223,0.636,10,2.188,7.289,6.248,0.278,9.933,2.483
1465,organic,133,31,4,2.493,0.276,8,1.642,10.271,3.133,0.173,8.315,4.209
1468,anomalous,156,122,2,22.091,0.833,1,0.139,2.619,1.289,0.957,0.983,0.399
1472,organic,144,29,3,6.135,0.439,18,3.868,15.16,8.521,0.158,7.091,1.799
1475,organic,124,24,1,11.408,0.801,8,1.681,8.07,6.906,0.19,6.586,3.553
1478,organic,11,23,3,6.485,0.674,13,2.585,9.332,5.816,0.109,12.917,2.564
1480,organic,83,34,3,8.243,0.886,7,1.572,6.129,5.514,0.264,9.146,4.877
1482,organic,47,26,2,13.294,0.686,7,2.441,7.807,6.489,0.169,6.134,4.973
1484,organic,105,16,1,8.939,0.837,6,1.506,4.863,8.452,0.309,2.715,3.31
1486,organic,33,21,1,17.756,0.918,2,0.683,5.996,6.762,0.21,5.9,2.144
1487,organic,14,8,2,2.904,0.485,4,1.091,12.105,5.394,0.002,11.278,2.93
1487,anomalous,78,52,2,14.743,0.959,5,0.932,1.67,2.551,0.505,3.182,1.579
1490,organic,43,28,2,11.274,0.743,7,1.522,5.38,3.419,0.345,7.766,1.331
1492,organic,102,72,6,4.424,0.497,6,1.228,14.135,6.122,0.119,9.133,3.984
1495,organic,167,17,3,3.151,0.609,9,2.777,12.788,5.684,0.073,5.482,2.437
1497,organic,4,23,1,9.152,0.719,7,1.902,10.671,4.788,0.199,4.644,3.38
1499,organic,86,75,2,17.379,0.721,8,1.343,9.944,6.347,0.123,10.158,5.024
1502,organic,136,58,3,7.866,0.376,8,1.256,12.511,6.593,0.1,7.67,1.556
1503,organic,59,12,1,12.079,0.503,2,0.807,6.925,3.736,0.037,7.5,0.686
1505,anomalous,123,18,1,13.202,0.629,6,1.493,5.26,2.039,0.444,4.262,0.854
1507,organic,162,10,2,8.762,0.815,4,1.263,10.505,7.485,0.269,4.636,1.738
1507,anomalous,19,199,2,29.089,0.779,1,0.258,4.214,0.961,0.634,1.391,0.387
1509,organic,57,43,4,8.738,0.514,8,1.234,11.861,6.743,0.058,10.591,1.497
1511,organic,48,11,2,2.975,0.514,14,4.099,8.78,8.075,0.035,12.855,2.848
1513,organic,85,39,1,13.691,0.816,6,1.453,3.93,2.636,0.274,4.942,3.822
1514,organic,142,17,3,4.093,0.373,9,2.533,12.651,5.903,0.014,7.177,2.716
1515,organic,70,20,1,8.346,0.825,3,0.626,8.271,6.556,0.159,7.841,4.985
1515,anomalous,40,77,2,15.37,0.87,2,0.307,1.147,0.427,0.852,1.219,0.407
1519,organic,165,38,5,4.897,0.549,6,1.464,9.667,6.137,0.009,6.452,1.452
1519,anomalous,27,57,3,6.496,0.72,5,1.141,4.786,3.127,0.276,3.844,1.492
1520,organic,77,21,4,5.241,0.639,8,1.61,9.07,3.382,0.078,9.616,1.354
1521,organic,107,6,1,5.084,0.854,3,0.824,11.579,7.1,0.065,6.052,4.871
1527,organic,82,40,3,7.816,0.848,6,1.415,3.938,3.827,0.305,2.175,1.627
1531,anomalous,83,24,1,14.324,0.746,3,0.646,3.268,0.479,0.538,4.675,0.567
1532,organic,17,39,3,6.305,0.879,10,1.928,6.187,6.443,0.034,8.616,1.912
1532,anomalous,14,106,2,19.157,0.943,6,0.816,4.831,3.459,0.762,1.939,0.976
1534,organic,48,47,3,5.61,0.589,5,0.982,8.393,5.484,0.098,7.605,2.873
1535,organic,79,17,2,8.815,0.613,11,2.911,4.015,6.864,0.293,8.608,1.694
1536,anomalous,87,184,3,23.499,0.655,6,0.832,1.365,0.636,0.43,1.884,0.606
1537,organic,9,24,3,5.456,0.542,8,1.618,6.621,4.977,0.212,5.561,3.275
1538,anomalous,15,194,3,18.44,0.746,3,0.553,4.265,1.026,0.533,4.027,0.679
1539,organic,13,26,1,10.463,0.829,15,3.33,9.833,2.437,0.154,5.551,3.994
1540,organic,28,37,3,12.059,0.84,12,2.159,10.197,7.522,0.155,7.962,4.279
1541,organic,73,56,4,8.827,0.558,3,0.701,12.83,5.297,0.106,6.395,4.863
1542,organic,137,35,2,5.951,0.694,7,2.145,7.925,2.415,0.097,6.923,3.05
1542,anomalous,140,30,1,31.944,0.85,3,0.503,0.747,0.05,0.927,0.08,0.312
1543,organic,28,9,2,5.061,0.544,5,1.671,8.006,4.7,0.0,9.359,3.736
1544,organic,160,28,5,2.546,0.362,7,1.486,14.515,3.753,0.134,5.895,1.907
1546,anomalous,164,75,2,16.114,0.749,1,0.174,1.081,0.488,0.759,1.699,0.367
1547,anomalous,158,181,2,29.233,0.843,2,0.275,3.494,0.99,0.745,1.554,0.476
1548,organic,83,26,2,10.619,0.803,12,2.695,11.676,8.264,0.298,13.136,4.016
1549,organic,151,33,1,15.346,0.827,3,0.786,5.816,5.097,0.093,5.289,3.286
1550,anomalous,84,76,2,34.684,0.884,4,0.345,4.52,0.604,0.556,4.565,0.34
1551,organic,4,22,2,8.573,0.823,4,1.06,5.434,7.709,0.37,7.168,4.296
1552,organic,137,103,4,9.195,0.545,15,2.107,13.619,4.604,0.023,5.689,1.067
1552,anomalous,109,36,1,15.403,0.726,3,0.599,6.432,2.169,0.408,2.64,1.169
1553,organic,32,16,1,10.282,0.737,5,1.089,2.064,4.289,0.15,6.551,4.568
1553,anomalous,110,26,2,5.48,0.691,4,0.752,5.738,3.685,0.417,2.919,1.076
1554,organic,80,79,4,9.266,0.441,14,2.289,6.214,4.01,0.017,8.62,4.05
1559,organic,165,16,1,9.042,0.564,5,1.23,8.717,3.57,0.278,11.021,1.405
1561,organic,57,24,1,13.072,0.74,9,2.015,6.101,7.812,0.279,3.001,4.37
1563,organic,116,43,5,6.821,0.551,7,2.018,13.594,7.548,0.247,4.488,1.909
1564,organic,116,18,1,12.12,0.76,5,1.376,6.377,3.005,0.151,10.615,4.816
1565,organic,123,47,2,10.989,0.799,12,2.218,6.75,4.102,0.253,5.682,4.277
1566,anomalous,118,165,3,18.344,0.8,2,0.428,0.643,2.538,0.278,1.257,0.888
1567,organic,53,15,1,5.988,0.736,9,2.245,5.307,4.388,0.182,10.225,1.084
1568,anomalous,29,20,1,14.187,0.866,1,0.489,1.757,2.575,0.324,3.446,1.121
1569,organic,121,46,2,13.518,0.836,5,0.844,9.2,7.829,0.194,8.425,2.786
1569,anomalous,130,25,1,17.532,0.982,4,0.765,3.19,1.484,0.755,0.05,0.392
1573,anomalous,83,6,2,2.91,0.314,9,2.706,13.791,2.428,0.027,7.171,1.555
1579,organic,36,118,4,11.712,0.713,6,0.993,7.589,5.783,0.127,12.618,2.808
1580,organic,155,27,2,8.303,0.75,7,1.296,5.406,4.385,0.274,5.828,2.875
1582,anomalous,39,27,1,9.312,0.88,3,0.554,3.825,2.72,0.413,1.008,0.026
1583,organic,152,33,3,9.447,0.76,10,3.117,11.596,5.983,0.016,4.357,4.175
1585,organic,19,11,1,7.444,0.917,7,1.839,4.99,2.517,0.177,4.182,4.026
1585,anomalous,98,145,2,31.343,0.835,1,0.146,0.05,0.305,0.677,1.387,0.343
1586,organic,74,28,3,5.505,0.404,5,1.159,13.346,8.164,0.051,7.05,4.46
1588,anomalous,25,52,2,21.397,0.787,6,1.187,5.556,2.18,0.346,3.939,0.884
1589,organic,62,34,6,2.305,0.488,7,1.461,7.7,2.607,0.15,5.52,3.441
1590,anomalous,37,30,1,16.622,0.697,4,1.066,3.738,2.521,0.562,2.853,0.625
1594,organic,3,37,3,12.963,0.804,3,0.886,4.492,8.4,0.449,8.463,2.776
1595,organic,38,7,1,8.603,0.656,5,1.539,7.927,6.269,0.384,3.851,2.096
1599,organic,67,37,2,7.591,0.709,16,2.613,4.635,7.034,0.252,4.351,4.193
1600,organic,1,52,5,4.567,0.454,8,1.729,13.163,4.161,0.31,9.77,3.67
1600,anomalous,126,46,1,18.013,1.0,6,1.169,5.152,2.418,0.402,5.061,0.801
1603,organic,6,48,5,9.573,0.413,11,1.98,11.267,4.641,0.159,6.722,3.319
1610,organic,34,99,3,11.038,0.771,6,0.912,3.066,7.824,0.282,5.044,3.092
1610,anomalous,22,66,2,20.248,0.619,4,0.707,3.666,1.481,0.8,1.377,0.607
1612,organic,106,33,2,8.17,0.536,10,1.945,6.507,7.001,0.179,9.798,2.13
1613,organic,34,17,3,4.762,0.654,7,1.729,9.454,7.673,0.148,7.709,2.596
1615,organic,104,74,3,8.033,0.412,11,1.708,12.702,7.658,0.103,12.346,4.34
1619,organic,17,92,3,8.456,0.496,9,1.683,11.04,2.568,0.13,9.365,3.894
1624,anomalous,64,18,1,9.298,0.638,7,1.555,8.004,2.75,0.212,6.248,2.179
1626,organic,100,20,3,4.233,0.54,8,1.85,10.594,5.008,0.124,12.668,3.123
1628,organic,1,37,2,9.713,0.784,7,1.135,4.905,5.779,0.319,4.644,4.444
1629,organic,11,32,2,10.773,0.423,12,3.101,14.59,7.841,0.207,8.005,2.562
1631,organic,10,11,1,8.277,0.859,7,2.032,2.208,5.656,0.162,4.034,3.219
1636,organic,169,72,2,13.333,0.792,2,0.536,4.643,3.353,0.22,9.086,4.118
1639,anomalous,159,56,3,10.735,0.816,3,0.481,4.493,0.666,0.825,2.835,0.924
1640,organic,138,17,2,4.457,0.554,6,1.526,8.845,4.182,0.117,11.187,2.134
1640,anomalous,152,96,3,16.877,0.773,2,0.604,2.763,1.604,0.839,3.57,1.476
1641,anomalous,69,41,2,7.164,0.752,5,0.408,4.666,1.326,0.711,1.271,0.473
1646,organic,101,11,1,10.056,0.694,4,1.302,11.83,3.277,0.059,11.28,4.019
1650,organic,39,138,3,15.875,0.703,5,0.703,4.197,4.759,0.171,7.036,2.916
1652,organic,48,84,3,10.93,0.621,13,2.267,11.271,8.129,0.173,10.576,3.01
1658,organic,42,25,1,17.879,0.764,6,1.374,9.614,4.907,0.288,7.37,3.156
1659,organic,62,29,2,12.238,0.725,12,2.468,6.232,3.503,0.255,4.961,4.37
1660,organic,146,85,6,5.913,0.278,5,1.005,10.496,8.161,0.039,11.524,2.982
1661,organic,80,128,3,13.724,0.785,7,1.088,3.645,5.243,0.197,7.06,2.51
1662,organic,117,15,2,5.173,0.348,13,3.062,11.985,2.659,0.046,8.617,4.79
1663,organic,5,110,5,9.081,0.54,15,2.264,10.739,8.162,0.157,11.211,2.139
1663,anomalous,28,44,1,28.35,0.927,2,0.395,2.251,0.746,0.895,1.788,0.057
1668,anomalous,161,69,1,28.702,0.835,4,0.557,0.05,0.35,0.933,3.139,0.069
1669,organic,54,37,5,5.532,0.307,7,1.167,9.371,8.643,0.098,7.178,3.548
1670,organic,59,43,3,9.732,0.556,12,2.104,11.642,4.059,0.103,8.604,3.724
1671,organic,149,17,3,4.539,0.832,12,3.272,8.607,6.95,0.095,7.846,4.896
1672,anomalous,119,77,1,29.591,1.0,3,0.664,1.998,0.462,0.933,1.332,0.622
1673,organic,78,34,2,11.863,0.827,5,1.303,7.095,6.752,0.14,9.759,3.71
1674,anomalous,21,42,2,11.355,0.705,8,1.676,6.807,4.141,0.285,6.807,0.707
1675,organic,17,10,1,8.195,0.588,4,1.414,9.457,4.197,0.058,5.352,3.911
1677,organic,69,24,1,9.008,0.561,13,2.415,9.565,7.072,0.013,8.884,3.716
1678,organic,130,17,1,7.831,0.688,4,1.249,8.974,4.025,0.367,4.417,2.573
1679,anomalous,77,48,1,34.767,0.906,4,0.69,2.442,0.891,0.862,1.209,0.514
1680,organic,156,18,4,2.797,0.622,7,1.453,13.663,5.365,0.206,9.367,3.657
1681,anomalous,100,25,1,12.742,0.667,6,1.366,6.342,2.931,0.401,4.439,0.534
1683,organic,156,25,1,12.105,0.864,13,2.633,5.165,5.977,0.102,6.814,4.059
1684,organic,18,20,2,9.368,0.758,4,1.11,2.801,6.237,0.121,7.482,3.261
1687,organic,100,18,3,6.841,0.447,12,2.998,10.904,4.944,0.11,11.528,3.671
1688,organic,124,26,2,11.13,0.703,19,4.11,16.49,8.156,0.076,11.943,4.352
1692,organic,101,31,2,7.525,0.838,7,1.479,5.491,5.47,0.042,7.528,3.774
1696,organic,21,60,5,4.516,0.583,9,2.128,14.571,5.714,0.13,10.628,3.932
1702,anomalous,168,32,3,8.715,0.687,6,1.269,4.646,7.506,0.0,10.674,2.385
1703,organic,28,72,3,9.645,0.669,2,0.676,4.159,7.998,0.071,6.358,2.684
1704,organic,88,14,1,5.892,0.501,4,0.898,5.922,6.456,0.232,4.079,2.976
1704,anomalous,17,46,3,5.918,0.673,6,0.497,3.328,1.415,0.231,4.105,2.067
1705,organic,120,15,2,3.203,0.607,7,2.011,7.527,7.325,0.0,9.374,2.417
1706,organic,60,8,2,3.173,0.667,8,2.698,6.136,4.434,0.148,9.111,3.345
1708,organic,86,36,2,9.594,0.816,7,1.919,5.518,5.031,0.026,8.748,1.803
1709,organic,80,15,1,12.03,0.717,4,0.949,7.292,2.945,0.255,6.254,2.969
1709,anomalous,42,68,1,31.932,0.855,3,0.678,4.394,1.659,0.635,4.476,0.14
1712,organic,49,38,4,4.802,0.664,10,2.1,8.053,5.432,0.151,13.717,4.435
1712,anomalous,124,78,1,21.666,0.775,3,0.637,2.564,1.404,0.927,4.608,1.042
1715,organic,141,35,3,8.577,0.874,6,0.935,8.003,5.237,0.126,6.185,3.141
1716,organic,51,38,3,10.122,0.737,17,3.059,4.612,5.028,0.108,4.817,2.342
1717,organic,27,21,2,10.876,0.527,7,1.622,3.462,5.329,0.135,11.78,2.147
1719,organic,99,33,2,15.695,0.749,4,0.691,12.403,5.155,0.123,5.131,4.528
1722,organic,70,40,2,9.238,0.488,8,1.521,9.447,5.306,0.121,11.211,1.443
1723,anomalous,77,35,2,12.06,0.709,7,1.105,6.351,1.214,0.431,5.784,2.551
1724,organic,4,43,6,4.21,0.527,6,1.05,11.143,3.853,0.063,11.476,1.85
1725,organic,0,28,2,8.136,0.649,11,3.655,6.615,5.93,0.21,13.097,1.229
1726,organic,4,29,1,11.942,0.52,5,1.191,11.504,4.309,0.133,6.723,1.549
1727,anomalous,123,30,3,8.067,0.814,4,1.128,8.652,4.919,0.214,10.108,3.494
1731,organic,110,100,5,7.809,0.491,12,1.819,14.731,8.39,0.097,12.015,2.499
1732,organic,71,22,1,9.778,0.573,7,1.513,8.476,6.886,0.181,7.329,2.488
1734,organic,72,23,2,9.067,0.722,7,1.785,12.994,7.94,0.18,12.865,1.956
1736,anomalous,88,93,4,8.252,0.746,3,0.699,6.59,4.184,0.475,3.578,2.376
1737,anomalous,60,42,1,20.421,1.0,3,0.66,2.344,1.356,0.77,0.655,0.363
1739,organic,98,46,3,12.36,0.92,6,1.103,5.853,7.551,0.188,5.079,4.507
1743,organic,159,48,2,9.253,0.687,3,0.799,2.602,6.972,0.353,7.148,2.775
1745,organic,12,45,4,4.312,0.569,15,2.564,14.39,3.862,0.126,6.389,3.437
1747,organic,78,16,1,8.173,0.729,5,1.229,6.295,6.398,0.307,6.046,3.28
1752,anomalous,76,42,1,19.208,0.905,4,0.768,2.791,0.37,0.789,0.05,0.02
1753,organic,127,29,6,7.305,0.345,4,1.138,5.593,4.197,0.098,6.888,4.129
1754,organic,153,10,4,9.046,0.356,8,2.166,7.795,6.368,0.019,13.428,3.304
1757,organic,18,64,5,4.609,0.489,13,2.121,12.53,8.071,0.2,12.615,4.651
1758,organic,43,23,2,12.038,0.755,8,2.149,5.18,3.577,0.241,8.754,3.187
1758,anomalous,31,31,1,10.963,0.828,6,0.791,2.224,1.176,0.658,0.624,0.339
1760,anomalous,117,70,1,26.925,0.723,1,0.157,5.02,1.691,0.644,1.108,0.207
1762,organic,9,115,5,8.052,0.731,7,0.779,9.381,5.146,0.0,9.321,1.844
1763,organic,32,42,4,9.715,0.514,9,2.253,10.767,4.359,0.078,7.993,4.474
1765,organic,47,37,2,9.229,0.834,6,1.705,6.226,4.868,0.341,3.523,1.962
1766,anomalous,156,44,3,8.298,0.71,3,0.795,5.618,3.78,0.575,6.535,1.991
1767,organic,11,24,1,14.271,0.84,17,3.471,9.675,4.553,0.0,6.983,4.488
1770,organic,135,35,3,5.55,0.837,11,2.427,13.827,6.488,0.076,5.713,2.286
1772,organic,14,8,1,10.543,0.736,10,3.96,7.129,6.053,0.121,3.668,3.554
1773,organic,8,32,2,8.888,0.631,7,1.4,4.577,5.795,0.072,3.535,4.728
1774,anomalous,54,58,3,10.415,0.863,6,1.056,1.133,1.141,0.608,2.482,0.752
1775,organic,157,113,3,11.44,0.726,10,1.496,7.872,4.878,0.037,8.007,3.985
1775,anomalous,166,27,1,28.326,0.787,4,0.841,1.844,2.005,0.786,1.931,0.344
1776,organic,52,13,1,12.488,0.772,9,2.509,6.965,6.293,0.055,8.537,1.61
1777,organic,125,76,3,12.12,0.775,7,0.981,3.378,7.432,0.195,5.689,1.978
1778,anomalous,11,57,4,5.485,0.631,8,1.473,9.448,4.428,0.312,6.793,0.885
1782,organic,46,36,2,9.725,0.797,7,1.664,11.146,7.566,0.363,8.364,3.386
1783,organic,160,49,3,13.015,0.817,4,0.706,3.602,5.248,0.09,6.577,2.942
1784,anomalous,166,104,2,29.868,0.855,3,0.546,2.229,0.683,0.886,0.412,0.803
1786,organic,55,23,2,4.842,0.733,6,1.468,14.009,6.046,0.134,11.746,1.35
1793,organic,157,81,4,10.567,0.696,16,2.873,8.052,4.847,0.042,9.29,1.023
1794,organic,125,58,3,13.727,0.569,7,1.147,2.329,3.045,0.077,12.181,3.186
1796,organic,48,40,1,16.642,0.866,6,1.379,4.884,5.392,0.363,2.338,4.945
1797,organic,26,33,2,11.589,0.787,6,1.38,11.635,5.668,0.022,6.283,1.133
1799,anomalous,118,16,1,9.492,0.755,5,1.232,6.688,0.928,0.651,2.36,0.85
1800,organic,39,11,1,7.477,0.662,9,3.055,4.234,3.19,0.197,5.752,2.831
1801,organic,14,35,4,5.233,0.639,10,2.106,7.269,3.263,0.076,8.982,3.477
1802,organic,123,27,1,11.72,0.679,7,1.878,6.251,3.627,0.319,3.315,3.823
1806,organic,88,10,1,7.496,0.735,5,1.553,5.994,8.221,0.131,7.369,2.9
1807,organic,100,36,3,8.451,0.934,4,0.84,5.381,2.933,0.289,8.029,4.839
1810,organic,70,10,2,6.228,0.786,5,1.256,9.782,6.816,0.088,9.841,2.455
1811,organic,77,17,2,6.792,0.583,9,1.943,7.835,5.156,0.12,12.088,3.594
1811,anomalous,5,35,2,9.933,0.573,8,1.551,7.389,2.336,0.248,4.154,1.63
1812,organic,63,12,1,5.104,0.598,3,0.799,1.723,6.909,0.069,4.58,3.757
1815,organic,67,55,2,9.591,0.81,9,1.338,5.695,5.656,0.276,4.551,3.573
1817,organic,71,45,3,14.127,0.918,16,2.957,5.744,7.637,0.245,7.659,3.541
1819,organic,122,15,1,10.704,0.685,3,0.715,6.68,8.194,0.215,4.204,3.782
1819,anomalous,103,42,2,8.46,0.602,8,1.619,7.068,1.735,0.209,6.986,0.95
1821,organic,150,20,1,12.623,0.809,6,1.746,4.056,3.786,0.126,4.145,1.076
1822,organic,156,11,1,11.169,0.657,10,4.47,6.841,7.835,0.306,8.767,1.938
1825,organic,30,59,3,12.184,0.767,6,1.693,1.716,5.147,0.33,4.208,0.814
1827,anomalous,161,60,1,33.551,0.795,2,0.353,1.46,0.05,0.936,0.79,0.408
1833,organic,99,42,2,16.134,0.979,3,0.593,5.262,2.266,0.333,3.51,4.449
1833,anomalous,22,38,1,33.597,0.85,2,0.362,0.05,0.782,0.96,0.327,0.671
1834,anomalous,78,67,2,9.702,0.603,5,0.912,3.367,4.232,0.602,6.392,2.851
1835,organic,130,32,2,7.874,0.619,15,3.395,5.918,2.674,0.03,12.661,3.898
1835,anomalous,110,19,3,5.815,0.602,8,2.051,7.44,2.86,0.2,6.673,2.429
1836,organic,40,77,5,7.963,0.656,12,2.123,14.162,7.6,0.177,4.921,2.468
1837,organic,55,83,2,13.593,0.737,7,1.109,7.093,6.276,0.276,4.768,1.868
1845,organic,88,35,2,14.666,0.73,6,1.291,5.288,3.808,0.249,5.877,4.236
1847,organic,5,63,2,9.739,0.813,4,0.627,5.775,6.006,0.224,9.089,1.066
1850,organic,143,50,6,6.32,0.397,12,2.522,3.418,3.962,0.0,4.667,5.051
1852,organic,86,16,2,4.363,0.539,5,0.883,13.442,4.563,0.101,6.819,3.649
1858,anomalous,111,125,2,35.257,0.939,1,0.157,1.696,1.206,0.767,0.973,0.211
1860,organic,99,48,2,11.936,0.573,3,0.899,10.499,7.786,0.037,4.457,4.492
1861,organic,101,33,1,15.132,0.721,14,3.074,7.41,5.595,0.07,7.787,3.743
1862,organic,92,40,5,5.617,0.429,12,2.212,16.48,3.185,0.049,7.115,1.919
1864,organic,42,65,4,6.99,0.512,13,2.264,4.801,4.819,0.152,6.564,3.185
1867,anomalous,168,71,2,30.495,0.95,2,0.342,1.236,0.925,0.898,1.023,0.694
1868,organic,151,12,1,7.472,0.709,6,1.562,7.457,6.067,0.312,4.116,2.271
1870,organic,30,29,3,8.305,0.743,10,1.84,9.908,6.416,0.097,10.395,2.208
1872,organic,13,52,3,6.517,0.914,17,3.301,6.009,5.742,0.062,9.021,2.134
1873,organic,31,43,1,14.496,0.79,4,0.896,5.072,6.486,0.335,7.052,2.018
1876,organic,146,26,1,16.625,0.824,9,1.501,1.462,7.234,0.288,2.791,4.008
1879,organic,103,49,3,8.803,0.685,8,1.553,3.383,7.02,0.268,8.093,2.63
1881,anomalous,146,66,2,11.372,0.704,8,1.461,9.247,8.37,0.288,7.524,3.837
1882,anomalous,22,76,2,27.621,0.776,4,0.473,0.269,0.821,0.654,1.26,0.417
1884,anomalous,95,24,1,7.515,0.833,7,1.315,5.209,0.05,0.531,2.074,0.274
1887,anomalous,54,54,2,19.482,0.724,3,0.626,1.954,0.37,0.907,0.471,0.359
1889,organic,66,16,1,13.717,0.537,8,1.878,7.038,5.862,0.287,5.045,3.284
1891,anomalous,80,74,2,13.835,0.77,5,0.508,0.912,1.127,0.581,3.819,0.02
1892,organic,87,87,2,19.481,0.911,2,0.495,6.653,7.001,0.289,6.341,2.039
1893,anomalous,114,12,1,14.231,0.836,1,0.267,2.656,1.05,0.714,1.354,0.323
1894,anomalous,83,135,3,14.266,0.725,2,0.546,1.158,2.597,0.478,1.679,1.141
1895,anomalous,167,43,1,33.641,1.0,3,0.559,3.744,0.201,1.0,2.977,0.282
1902,organic,151,34,4,7.21,0.487,5,0.899,9.269,7.959,0.135,10.189,0.917
1905,organic,98,14,1,10.005,0.853,10,2.645,10.659,7.392,0.028,7.235,1.537
1906,organic,44,49,4,6.856,0.797,7,1.254,4.811,7.451,0.159,7.227,3.429
1908,anomalous,146,225,2,20.877,0.831,3,0.382,4.208,0.418,0.396,0.469,0.471
1910,organic,95,39,3,5.737,0.83,7,1.846,11.045,6.653,0.157,5.871,3.386
1912,organic,133,10,2,4.084,0.294,3,1.161,8.719,3.761,0.0,11.899,3.148
1913,organic,2,12,1,11.243,0.703,6,1.645,7.661,6.834,0.232,5.54,3.163
1913,anomalous,84,102,2,23.285,0.841,5,0.873,6.644,2.144,0.576,3.977,0.676
1915,organic,134,8,2,5.489,0.265,7,2.042,14.06,6.726,0.103,12.426,4.687
1916,organic,65,95,4,8.054,0.795,3,0.557,8.379,3.135,0.106,5.958,5.029
1917,organic,157,27,3,6.771,0.708,4,0.975,9.927,5.541,0.238,7.391,1.51
1918,organic,95,76,4,7.236,0.522,14,2.698,6.851,4.865,0.025,10.791,1.536
1920,organic,72,53,4,8.986,0.617,3,0.703,4.554,3.205,0.084,10.479,1.725
1921,organic,108,26,2,7.325,0.728,9,1.977,8.722,5.581,0.126,10.272,2.67
1922,organic,78,59,3,6.625,0.697,8,2.001,11.267,4.507,0.192,7.841,2.918
1925,organic,31,37,3,12.135,0.638,12,3.173,10.519,6.775,0.222,9.952,4.33
1925,anomalous,78,85,3,17.668,0.752,2,0.714,3.062,2.306,0.741,2.954,0.417
1928,organic,133,33,4,6.137,0.598,5,1.054,6.975,2.707,0.034,11.473,3.577
1928,anomalous,59,28,1,19.404,0.731,4,0.778,0.05,2.759,0.81,1.948,0.422
1930,organic,21,87,3,17.659,0.907,6,1.139,4.547,5.823,0.291,5.481,2.278
1931,organic,106,10,2,4.499,0.48,14,3.384,9.078,7.542,0.146,8.524,3.442
1933,organic,147,14,2,5.781,0.596,15,3.54,12.419,3.213,0.0,10.047,4.836
1934,organic,59,12,1,9.806,0.721,4,1.389,9.443,4.799,0.265,4.309,3.087
1934,anomalous,77,51,2,18.083,0.813,5,0.636,5.548,1.23,0.797,1.333,0.402
1937,organic,156,18,2,5.644,0.559,4,0.949,8.687,2.437,0.041,6.787,2.147
1938,anomalous,153,58,2,13.857,0.71,8,1.615,6.479,2.672,0.492,3.641,1.886
1943,organic,145,29,1,9.943,0.791,3,0.658,3.437,6.989,0.0,8.531,3.208
1946,organic,148,68,5,5.871,0.669,7,1.403,7.823,4.866,0.08,11.796,2.958
1947,organic,6,43,3,6.761,0.77,7,1.12,5.268,7.495,0.202,3.488,2.782
1949,organic,28,10,1,8.323,0.569,5,1.28,10.698,4.819,0.09,12.297,5.027
1950,organic,70,48,4,7.259,0.549,19,3.313,15.886,4.889,0.08,10.688,2.422
1951,organic,90,59,3,7.456,0.621,17,2.767,11.771,3.714,0.127,11.435,1.326
1952,anomalous,19,52,3,8.081,0.727,5,0.994,2.654,1.888,0.694,1.601,0.722
1958,organic,140,12,2,5.985,0.503,9,2.234,9.901,4.028,0.139,7.355,5.053
1958,anomalous,106,32,2,14.598,0.956,1,0.409,0.246,0.167,1.0,1.485,0.029
1959,organic,48,65,6,4.474,0.3,14,2.232,7.766,8.664,0.151,14.976,3.586
1960,organic,40,25,2,8.876,0.676,7,1.987,7.743,7.565,0.155,6.755,3.815
1961,organic,79,8,2,5.056,0.884,12,3.713,10.712,6.365,0.042,8.439,1.648
1961,anomalous,112,71,4,8.872,0.519,4,0.819,5.599,1.214,0.3,4.262,0.759
1962,organic,136,17,1,15.628,0.81,6,1.954,7.514,3.813,0.231,2.962,4.174
1963,organic,31,103,5,8.252,0.524,14,2.29,7.681,5.189,0.226,8.083,3.004
1963,anomalous,106,102,4,10.075,0.661,5,0.421,5.279,4.126,0.412,6.471,1.456
1969,organic,149,35,4,8.749,0.482,10,1.921,9.812,6.653,0.271,5.405,4.671
1970,organic,88,24,2,9.796,0.634,2,0.65,4.845,7.307,0.075,7.993,1.122
1972,organic,160,14,2,3.125,0.354,12,2.801,14.075,8.03,0.0,7.251,3.667
1973,anomalous,31,213,2,37.315,0.81,2,0.402,3.065,0.959,0.913,1.234,0.232
1974,organic,148,23,5,2.931,0.517,11,2.441,11.471,7.146,0.028,12.811,4.755
1975,organic,98,14,2,3.468,0.446,9,2.627,13.732,5.855,0.136,13.864,3.721
1978,organic,109,25,1,10.867,0.863,2,0.691,6.608,3.444,0.253,3.409,3.198
1981,organic,152,46,4,3.598,0.584,11,1.929,7.485,3.142,0.088,13.528,2.199
1983,anomalous,57,32,1,12.908,0.884,3,0.658,3.712,1.658,0.735,0.85,0.626
1987,organic,56,51,2,13.038,0.772,4,0.939,4.787,4.035,0.128,6.717,3.938
1988,organic,164,29,2,7.957,0.575,5,0.996,14.421,8.37,0.166,8.472,2.946
1988,anomalous,53,42,1,15.387,0.834,1,0.335,4.83,0.063,0.624,2.484,0.387
1989,organic,105,44,6,4.282,0.484,13,2.121,9.08,3.246,0.081,15.629,4.955
1989,anomalous,86,29,2,12.74,0.741,1,0.577,4.224,2.936,0.569,0.852,0.353
1990,organic,167,14,2,6.576,0.551,7,2.038,8.838,4.008,0.13,7.677,2.523
1991,organic,7,26,2,6.915,0.557,3,1.131,8.881,7.26,0.218,5.874,1.305
1992,anomalous,81,63,2,12.181,0.778,3,0.631,2.961,0.05,0.634,3.885,0.457
1993,anomalous,87,114,3,22.827,0.695,2,0.279,1.378,2.912,0.55,3.29,1.246
1994,organic,20,16,2,8.464,0.535,6,1.369,8.521,4.056,0.33,8.635,2.909
1995,organic,127,33,1,14.624,0.764,6,1.691,5.395,3.869,0.367,3.63,3.757
1999,organic,73,59,2,14.765,0.649,6,1.042,4.327,7.356,0.129,7.264,4.259
2000,organic,58,31,2,6.755,0.5,4,1.265,5.516,5.451,0.081,9.402,0.987
2000,anomalous,119,20,2,9.548,0.563,6,1.379,0.05,2.401,0.275,4.995,0.698
2002,anomalous,60,86,2,13.971,0.83,1,0.288,1.371,0.091,0.918,2.17,0.396
2003,organic,128,28,2,10.496,0.904,8,1.911,5.853,6.394,0.298,7.554,1.881
2004,organic,71,67,2,16.46,0.663,7,1.441,6.133,7.228,0.176,5.584,2.153
2006,anomalous,59,47,1,17.664,0.819,1,0.313,1.004,1.361,0.547,2.245,0.098
2007,organic,137,19,2,3.417,0.445,2,0.951,11.268,7.923,0.049,11.625,2.315
2009,organic,49,29,2,6.906,0.573,12,2.319,14.286,7.89,0.049,7.545,2.143
2011,organic,12,84,6,5.927,0.458,8,1.339,7.799,5.538,0.094,6.152,4.882
2012,organic,68,29,1,17.769,0.965,8,1.489,6.956,3.727,0.17,1.685,2.885
2013,organic,113,15,2,8.558,0.721,9,2.796,6.715,2.891,0.168,7.333,2.889
2014,organic,106,25,3,4.969,0.691,19,3.627,14.642,3.573,0.03,9.17,1.503
2015,organic,166,21,6,7.985,0.596,14,3.428,8.909,7.394,0.156,9.435,5.108
2019,anomalous,85,37,2,10.041,0.631,7,1.325,4.048,1.782,0.741,4.666,0.958
2021,organic,91,29,2,11.987,0.577,7,2.141,6.859,5.392,0.08,7.496,4.714
2024,organic,33,72,2,16.005,0.87,7,0.89,6.45,7.042,0.263,3.515,2.34
2024,anomalous,92,106,2,19.918,0.681,2,0.261,3.668,0.127,0.521,1.665,1.292
2025,organic,5,72,4,8.31,0.71,12,2.271,14.035,2.935,0.077,6.196,1.413
2028,organic,60,13,1,13.181,0.662,6,1.333,4.731,7.425,0.107,2.956,2.97
2029,organic,94,9,1,11.983,0.718,6,1.927,6.64,6.889,0.242,6.567,4.208
2033,organic,36,61,3,14.197,0.665,6,1.062,4.616,3.616,0.231,5.346,1.22
2035,organic,136,5,1,8.92,0.643,9,3.343,7.699,3.701,0.305,9.383,2.187
2035,anomalous,82,97,4,8.05,0.597,7,1.121,7.624,2.149,0.52,2.287,2.231
2037,organic,132,69,3,11.136,0.724,6,1.026,4.361,6.802,0.412,2.826,3.22
2038,organic,79,62,3,10.38,0.695,3,0.454,4.269,6.837,0.207,4.426,4.661
2044,organic,127,19,1,8.59,0.672,17,3.708,5.675,7.875,0.216,11.991,4.426
2045,organic,169,29,1,13.881,0.779,11,2.409,6.834,7.26,0.054,4.796,1.63
2046,organic,167,92,3,13.113,0.757,4,0.772,5.377,3.261,0.382,4.458,0.968
2046,anomalous,161,33,1,15.79,0.77,5,1.265,5.806,0.663,0.486,2.254,1.338
2047,anomalous,164,40,2,16.106,0.821,2,0.327,2.243,0.34,0.466,1.087,0.244
2048,organic,84,38,3,5.458,0.754,8,1.441,10.965,3.149,0.167,5.474,4.921
2050,organic,2,68,2,10.492,0.738,10,1.556,7.737,3.312,0.255,6.806,3.224
2051,anomalous,143,56,3,6.871,0.998,5,0.99,4.732,2.243,0.507,4.517,1.006
2052,organic,25,24,4,5.175,0.83,10,1.926,4.48,4.075,0.114,13.265,1.925
2053,organic,86,45,3,5.867,0.812,9,1.774,4.983,5.128,0.049,6.372,3.093
2055,organic,142,8,1,5.509,0.75,5,1.771,8.137,3.14,0.183,11.959,3.727
2057,organic,118,32,2,10.072,0.636,6,1.655,8.395,6.587,0.322,3.596,2.66
2059,organic,63,53,5,6.047,0.452,5,1.269,15.015,3.947,0.099,7.002,4.137
2063,anomalous,72,51,2,16.293,0.94,3,0.459,1.988,0.588,0.831,0.05,0.962
2064,organic,72,67,4,10.631,0.817,6,1.446,13.784,7.243,0.241,6.802,4.193
2064,anomalous,77,47,4,9.745,0.725,10,1.434,4.682,1.596,0.576,3.436,2.38
2067,organic,39,68,2,12.528,0.819,4,0.675,9.375,8.342,0.23,8.487,1.971
2069,organic,153,46,2,12.314,0.841,7,1.422,7.813,7.459,0.283,6.575,4.249
2071,organic,27,48,2,11.683,0.742,13,2.481,9.796,5.588,0.253,9.598,2.403
2074,anomalous,127,140,3,10.295,0.785,3,0.629,3.996,2.308,0.46,4.066,0.665
2075,organic,93,23,2,9.153,0.469,9,1.76,8.78,4.874,0.098,7.064,3.426
2075,organic,5,116,3,15.92,0.633,4,1.001,5.668,0.182,0.719,1.265,0.4
2077,anomalous,115,73,2,10.994,0.531,6,1.034,7.328,2.158,0.551,1.867,1.56
2078,anomalous,26,117,3,12.484,0.655,4,0.552,1.517,2.287,0.632,1.289,0.7
2080,organic,94,58,4,8.516,0.601,10,1.777,9.53,5.407,0.245,9.021,1.929
2081,anomalous,166,32,2,7.821,0.628,6,1.35,7.555,2.629,0.116,7.902,1.835
2082,anomalous,31,30,4,6.599,0.693,6,0.818,7.0,4.426,0.229,3.592,2.304
2083,organic,148,57,6,5.117,0.581,5,0.622,4.987,6.999,0.062,7.667,4.753
2085,organic,69,42,4,5.051,0.33,14,2.542,15.88,7.431,0.09,8.274,3.31
2087,organic,6,39,3,12.032,0.811,2,0.598,5.37,4.26,0.331,5.568,2.911
2089,organic,79,57,3,15.224,0.846,9,1.664,6.254,6.879,0.181,7.832,1.782
2094,organic,49,58,2,10.614,0.823,4,0.468,6.287,5.579,0.243,9.925,2.832
2094,anomalous,6,11,1,7.328,0.782,3,0.576,1.154,1.192,0.652,3.783,0.308
2096,organic,142,63,3,9.648,0.906,5,1.223,6.376,3.77,0.088,3.721,3.981
2100,organic,144,23,2,10.09,0.63,10,3.394,6.037,6.236,0.231,3.891,2.393
2101,anomalous,41,59,1,20.022,0.785,3,0.602,2.618,0.05,0.743,1.31,0.529
2103,anomalous,29,51,2,11.682,0.865,5,0.332,1.935,1.515,0.757,0.804,0.342
2105,organic,31,35,3,5.654,0.779,5,1.181,5.944,4.478,0.238,7.618,2.869
2107,organic,82,37,4,8.85,0.522,7,1.522,10.737,3.59,0.198,13.925,1.564
2107,anomalous,66,94,4,10.511,0.62,8,1.197,2.945,3.159,0.153,5.584,2.363
2108,organic,130,30,6,2.917,0.33,10,1.976,6.81,5.532,0.003,8.208,4.267
2113,anomalous,137,109,3,22.144,0.835,5,0.789,1.947,1.29,0.409,2.33,0.361
2114,organic,126,11,2,3.671,0.472,8,2.053,10.195,5.58,0.087,9.593,4.241
2117,organic,53,39,4,8.804,0.686,7,1.753,10.0,7.991,0.215,14.18,1.971
2118,organic,100,56,4,10.026,0.558,10,1.807,7.589,4.798,0.041,7.398,4.588
2121,organic,161,27,1,13.479,0.679,7,1.461,6.525,7.284,0.326,4.893,2.209
2122,organic,68,29,1,14.26,0.731,12,3.028,5.465,4.593,0.349,11.918,3.662
2123,anomalous,123,34,2,8.13,0.63,5,1.085,9.441,2.356,0.088,6.689,2.425
2124,organic,60,10,1,6.964,0.54,3,1.129,6.638,8.51,0.037,4.552,1.015
2127,organic,5,28,6,3.289,0.324,11,2.481,7.961,5.888,0.117,4.811,1.299
2128,anomalous,77,28,1,14.87,0.718,4,0.439,1.366,1.225,0.73,3.549,0.02
2129,organic,32,34,2,10.132,0.578,11,2.463,6.209,2.38,0.285,9.919,1.112
2129,anomalous,84,31,1,13.835,0.936,3,0.599,1.572,0.426,0.781,1.251,0.678
2131,organic,77,9,1,6.73,0.792,4,1.069,5.716,6.233,0.076,6.872,2.946
2132,organic,77,18,1,10.938,0.886,5,1.129,5.584,5.711,0.311,2.698,3.67
2132,anomalous,10,97,3,9.971,0.609,7,0.977,5.378,2.973,0.217,4.255,1.672
2134,anomalous,135,59,2,22.291,0.919,1,0.163,3.539,0.206,0.665,0.912,0.816
2136,organic,66,11,2,3.974,0.668,3,1.003,6.534,5.793,0.057,11.168,2.999
2136,anomalous,94,107,2,23.331,0.742,3,0.452,2.872,0.05,0.684,2.101,0.41
2137,organic,34,20,3,8.806,0.661,9,2.31,9.172,5.106,0.016,8.632,1.83
2138,organic,23,47,4,4.633,0.243,13,2.384,6.249,3.134,0.089,7.053,3.576
2139,organic,163,43,2,11.623,0.402,4,0.521,8.432,3.085,0.074,8.107,2.948
2140,organic,117,30,3,10.276,0.876,10,3.437,7.203,7.351,0.215,6.958,2.548
2140,anomalous,65,60,3,10.226,0.892,1,0.309,4.826,2.518,0.417,3.293,0.638
2141,organic,155,23,4,4.435,0.677,7,1.652,12.095,4.985,0.126,6.087,2.958
2144,anomalous,85,85,2,18.369,0.879,3,0.658,4.184,0.815,0.575,2.452,1.097
2145,organic,85,23,6,6.102,0.515,4,0.764,11.424,8.493,0.0,11.377,3.258
2146,organic,114,38,3,9.762,0.69,6,1.37,9.116,7.177,0.007,7.225,2.465
2146,anomalous,154,33,1,34.852,0.758,5,0.744,3.795,0.145,0.724,0.654,0.759
2147,organic,160,65,5,6.897,0.745,10,1.774,4.569,6.914,0.147,11.698,2.572
2147,anomalous,139,72,2,11.64,0.798,1,0.35,6.19,1.139,0.572,2.889,1.633
2148,anomalous,143,79,3,9.979,0.81,4,0.867,3.658,0.424,0.551,3.366,0.168
2149,anomalous,165,93,2,21.505,0.845,7,1.133,3.085,0.836,0.706,2.109,0.579
2152,organic,7,31,3,4.591,0.552,15,2.865,7.149,3.558,0.067,7.507,3.979
2153,organic,138,47,2,10.711,0.717,4,0.765,5.216,6.334,0.327,3.06,4.766
2153,anomalous,148,47,2,16.977,0.887,4,1.034,2.522,1.982,0.527,3.057,1.239
2154,anomalous,146,12,1,12.731,0.988,2,0.7,0.418,0.876,0.755,1.223,0.239
2155,anomalous,71,99,1,29.24,0.974,2,0.339,3.453,0.534,1.0,1.848,0.425
2157,organic,64,75,3,7.694,0.76,13,2.108,10.868,2.876,0.096,10.229,4.572
2159,organic,118,34,3,6.347,0.575,5,1.062,15.902,4.791,0.026,9.757,3.304
2160,organic,48,10,1,7.849,0.842,3,0.796,6.11,8.55,0.292,4.54,1.092
2161,organic,80,47,3,5.099,0.62,14,2.637,14.329,5.517,0.002,5.496,4.542
2161,anomalous,42,14,1,8.757,0.983,3,1.002,3.476,2.237,0.544,1.936,0.775
2162,organic,91,32,1,12.735,0.651,8,1.649,3.039,2.587,0.306,7.415,2.725
2163,organic,44,33,2,8.496,0.692,16,3.113,9.588,7.623,0.168,6.236,3.608
2164,organic,121,40,2,12.022,0.67,10,1.805,8.301,6.004,0.238,6.334,3.394
2165,organic,108,15,4,8.805,0.648,8,2.262,7.014,4.989,0.0,9.287,4.85
2166,organic,39,112,3,14.667,0.623,5,0.677,7.472,6.787,0.109,4.48,4.583
2169,anomalous,121,27,3,11.83,0.938,4,0.619,1.438,0.579,0.558,2.465,0.504
2170,organic,138,14,1,13.22,0.829,11,3.545,9.175,4.941,0.397,3.492,4.157
2171,organic,48,11,2,4.889,0.766,3,0.862,9.43,7.0,0.101,7.222,2.517
2173,organic,23,115,3,13.407,0.847,4,0.619,4.885,2.835,0.117,6.234,2.38
2173,anomalous,76,66,2,22.817,0.863,3,0.525,0.068,0.774,0.872,1.093,0.573
2176,anomalous,74,86,3,10.767,0.708,2,0.475,2.012,4.28,0.392,4.464,1.567
2179,organic,39,19,1,15.338,0.736,10,2.868,5.864,5.927,0.228,6.04,2.355
2180,organic,78,45,3,10.128,0.534,17,2.822,12.549,4.669,0.071,7.069,4.454
2183,organic,46,47,5,5.099,0.696,13,2.909,5.955,6.546,0.285,6.443,4.144
2186,organic,3,8,2,4.133,0.373,15,4.808,9.592,4.763,0.0,9.81,1.654
2187,organic,68,50,6,4.205,0.411,12,2.124,10.756,7.721,0.059,5.459,3.674
2188,anomalous,134,96,2,16.693,0.877,1,0.333,4.098,0.565,0.883,1.452,0.02
2189,organic,99,46,5,8.973,0.672,7,1.509,11.858,4.32,0.097,7.111,3.436
2190,organic,132,51,5,5.721,0.527,10,1.548,11.407,3.846,0.064,6.104,4.179
2192,anomalous,53,63,2,13.494,0.946,2,0.317,3.084,1.224,0.764,1.861,0.645
2196,organic,135,80,3,18.151,0.728,3,0.462,5.659,4.035,0.246,6.422,0.974
2196,anomalous,16,71,4,15.205,0.859,6,0.981,4.594,3.147,0.275,1.853,1.276
2197,organic,9,12,1,12.102,0.65,5,1.294,6.855,3.668,0.297,4.38,0.957
2199,anomalous,79,52,3,16.901,0.832,3,0.628,8.12,5.394,0.196,7.151,1.114
2202,organic,163,59,5,4.785,0.53,13,2.635,9.548,2.554,0.068,9.284,4.703
2204,anomalous,99,15,1,11.099,0.979,5,1.212,4.269,2.585,0.423,1.35,0.134
2205,organic,47,118,3,17.539,0.988,3,0.468,3.237,3.375,0.148,2.553,1.261
2206,organic,159,84,6,4.466,0.497,10,2.185,11.865,2.559,0.07,5.721,2.707
2207,anomalous,54,62,2,18.005,0.849,2,0.36,2.109,1.184,0.851,0.05,0.233
2211,organic,101,24,2,10.697,0.642,4,1.077,6.817,2.983,0.019,5.048,2.702
2214,anomalous,117,43,3,7.043,0.523,11,3.059,8.245,7.07,0.114,6.056,3.272
2215,anomalous,28,41,3,11.392,0.626,7,1.133,2.577,1.949,0.521,2.016,2.222
2217,organic,8,79,5,7.234,0.703,15,2.357,15.839,7.424,0.145,10.833,3.088
2219,anomalous,97,40,1,19.67,0.88,2,0.506,5.657,1.733,0.901,3.636,0.145
2220,organic,72,111,4,8.164,0.643,6,0.967,9.43,6.965,0.092,5.169,3.995
2223,organic,76,20,3,3.204,0.331,7,2.19,6.519,5.752,0.06,13.526,1.43
2223,anomalous,78,66,2,12.993,0.603,6,1.185,8.954,3.721,0.315,6.986,2.638
2225,organic,105,18,1,9.642,0.457,8,1.948,10.169,5.274,0.06,8.13,3.001
2226,organic,156,61,5,5.545,0.599,8,1.302,8.655,5.856,0.0,10.244,4.731
2227,organic,72,12,2,5.927,0.468,11,3.017,3.073,3.62,0.0,8.239,2.437
2227,anomalous,98,93,2,15.389,0.719,6,0.941,4.232,1.392,0.401,1.417,1.092
2230,anomalous,103,10,2,4.282,0.3,4,1.524,9.446,3.181,0.089,10.716,3.689
2232,organic,87,26,1,11.569,0.888,7,1.999,3.453,5.066,0.412,3.17,0.858
2233,organic,14,32,3,6.231,0.415,11,2.039,6.7,7.966,0.083,9.462,2.717
2234,organic,116,146,3,16.649,0.719,6,0.958,6.303,5.577,0.343,3.557,5.086
2236,organic,72,72,3,13.947,0.749,6,1.218,8.91,5.803,0.358,4.901,2.44
2241,organic,89,34,2,12.379,0.695,1,0.599,6.472,7.958,0.409,5.31,1.432
2241,anomalous,115,20,1,13.711,0.883,1,0.645,2.343,0.484,0.619,2.569,0.61
2242,organic,56,38,1,15.082,0.814,4,0.856,9.913,4.87,0.27,8.631,1.468
2244,organic,68,22,3,8.738,0.626,13,2.812,10.495,5.983,0.118,7.614,3.281
2246,organic,141,26,3,5.504,0.423,8,1.944,15.924,4.157,0.018,12.447,4.906
2248,organic,108,28,4,4.421,0.739,10,2.188,6.617,3.008,0.118,7.616,5.038
2250,anomalous,121,41,1,19.468,0.87,1,0.2,2.529,0.507,0.963,0.819,0.251
2252,organic,2,78,3,8.025,0.666,12,2.398,11.706,7.199,0.047,7.615,4.329
2253,organic,57,30,3,5.649,0.236,6,1.302,14.136,6.954,0.067,12.123,4.456
2254,organic,82,20,1,8.55,0.86,8,1.782,5.964,7.409,0.345,7.828,1.261
2255,organic,50,64,3,15.072,0.826,5,0.922,1.172,7.307,0.281,3.96,1.158
2256,organic,136,24,1,6.41,0.663,2,0.635,6.414,6.122,0.13,12.204,2.571
2260,organic,5,73,2,11.233,0.745,7,1.162,10.135,5.897,0.205,7.795,4.824
2260,anomalous,131,32,1,25.495,0.965,3,0.559,1.107,1.595,0.67,0.637,0.564
2261,organic,156,75,6,3.509,0.638,6,1.24,7.517,4.676,0.151,6.466,3.041
2263,anomalous,142,45,1,14.409,0.819,3,0.649,2.905,1.359,0.804,1.111,0.294
2265,organic,14,78,4,11.114,0.818,8,1.754,6.461,5.521,0.282,11.305,2.719
2268,anomalous,140,47,2,18.622,0.697,4,0.632,4.718,1.132,0.454,1.258,0.234
2269,anomalous,21,53,3,6.751,0.825,9,1.479,10.861,4.149,0.109,5.854,2.505
2273,organic,162,49,2,11.885,0.679,7,1.317,9.663,7.662,0.104,6.767,1.053
2274,organic,94,22,1,15.247,0.546,16,4.003,8.97,6.23,0.153,2.858,1.099
2275,organic,123,24,1,10.295,0.701,10,2.479,5.561,2.925,0.04,6.84,2.4
2275,anomalous,122,104,2,19.584,0.812,4,0.605,2.974,0.851,0.797,1.09,0.3
2278,organic,119,18,1,7.915,0.757,5,1.63,7.191,3.412,0.328,4.086,1.314
2279,anomalous,122,33,1,15.76,0.744,1,0.182,1.385,0.421,0.533,0.913,0.106
2280,organic,37,19,2,4.295,0.447,15,4.066,11.873,6.081,0.172,14.336,1.889
2281,anomalous,94,61,2,14.573,0.85,3,0.729,3.288,1.117,0.218,2.781,2.412
2284,organic,98,43,4,5.362,0.656,7,1.417,10.959,7.613,0.054,5.038,3.354
2285,organic,160,22,1,10.591,0.711,3,0.933,5.985,8.131,0.261,7.428,1.658
2286,organic,113,28,1,12.021,0.802,7,1.713,6.912,3.634,0.26,7.184,3.385
2287,organic,43,34,3,4.341,0.443,13,2.246,16.098,5.318,0.239,5.202,1.865
2287,anomalous,150,40,1,13.956,0.84,2,0.36,0.05,1.173,0.811,4.074,0.037
2289,organic,104,46,6,5.916,0.568,5,1.423,12.122,7.554,0.176,11.071,4.001
2290,organic,143,53,5,6.536,0.62,18,3.041,9.61,8.096,0.152,6.367,4.534
2292,organic,38,12,1,14.204,0.779,8,2.213,5.173,6.792,0.321,9.928,3.758
2293,organic,3,49,3,5.35,0.717,5,0.983,12.837,4.493,0.06,7.216,3.012
2294,organic,130,31,3,4.188,0.709,4,1.057,7.777,8.094,0.05,6.907,4.098
2299,organic,46,32,1,12.306,0.583,7,1.5,10.067,5.808,0.112,7.195,4.155
2301,anomalous,140,65,1,31.392,0.837,1,0.171,1.328,1.445,0.764,1.33,0.36
2305,organic,59,21,6,3.81,0.512,5,1.12,14.161,7.615,0.0,8.266,4.5
2307,anomalous,95,20,1,13.717,0.843,4,0.977,1.616,1.858,0.467,2.112,0.725
2309,anomalous,100,129,2,23.582,0.783,1,0.414,1.94,1.525,0.799,1.441,0.146
2311,organic,89,11,1,11.691,0.901,10,2.866,16.734,6.281,0.314,5.392,3.882
2312,organic,145,80,3,14.612,0.789,12,1.671,7.006,2.584,0.244,5.003,3.663
2314,organic,150,21,2,6.581,0.819,14,3.434,9.624,6.246,0.067,11.839,1.359
2316,organic,6,16,3,2.781,0.6,11,2.953,11.975,5.657,0.015,6.327,3.745
2318,organic,131,53,6,5.437,0.592,4,0.925,8.473,7.002,0.285,13.143,1.737
2319,organic,7,24,3,5.234,0.676,9,3.588,11.164,7.188,0.233,14.418,4.184
2321,organic,4,92,5,5.99,0.46,14,2.409,13.803,4.408,0.118,5.569,3.378
2323,organic,101,15,2,7.448,0.745,3,0.898,2.923,7.454,0.186,3.116,1.682
2323,anomalous,12,42,1,14.863,0.927,1,0.18,3.182,1.354,0.752,0.932,0.897
2329,organic,5,111,5,9.896,0.588,9,1.229,10.769,4.227,0.16,12.355,3.582
2331,organic,77,25,1,14.053,0.744,5,1.308,10.96,6.396,0.262,4.411,2.384
2332,organic,101,32,3,5.738,0.409,11,2.162,8.81,6.14,0.096,12.329,2.637
2334,organic,85,13,1,7.868,0.821,6,1.861,6.109,7.487,0.367,4.871,1.732
2336,organic,54,25,2,5.281,0.797,4,0.746,5.994,3.202,0.104,8.995,2.809
2339,organic,165,81,5,7.538,0.631,5,0.945,8.804,4.586,0.098,4.611,4.25
2342,organic,149,20,2,9.464,0.618,6,1.203,6.293,5.723,0.125,10.68,2.516
2344,organic,42,19,2,5.383,0.848,5,1.444,10.41,2.596,0.073,12.251,2.614
2346,organic,2,23,5,3.503,0.554,11,1.934,15.351,7.463,0.122,9.979,2.563
2346,anomalous,133,102,1,30.844,0.926,1,0.159,0.774,0.54,0.95,0.05,0.02
2347,anomalous,117,34,2,10.619,0.861,8,1.482,1.165,1.753,0.646,1.915,1.424
2348,organic,120,22,3,3.56,0.551,10,2.407,5.353,6.8,0.222,10.272,3.817
2348,anomalous,19,189,3,16.068,0.814,8,0.983,1.861,2.633,0.79,1.176,1.388
2350,anomalous,29,42,1,28.868,0.882,4,0.566,1.062,0.238,0.764,1.735,0.039
2352,organic,0,18,2,6.746,0.674,8,2.56,12.254,2.092,0.062,10.082,3.373
2354,organic,28,37,2,14.754,0.93,12,2.186,5.347,6.991,0.07,4.408,3.807
2366,organic,7,113,2,18.048,0.893,3,0.569,5.145,8.354,0.342,1.84,2.493
2367,organic,149,53,3,7.071,0.724,9,1.838,6.123,8.132,0.104,8.735,4.596
2367,anomalous,6,100,2,19.003,0.871,1,0.494,2.964,0.553,0.993,1.104,0.02
2368,organic,65,43,4,3.949,0.388,12,2.228,8.749,3.202,0.056,12.193,4.161
2369,organic,146,36,2,7.073,0.652,15,2.935,7.209,4.968,0.097,6.12,2.89
2371,organic,116,38,4,8.548,0.569,4,0.672,15.045,2.592,0.306,7.839,2.981
2373,organic,58,11,1,12.364,0.83,5,1.421,11.062,3.579,0.181,12.357,2.252
2374,organic,69,129,3,17.435,0.685,4,0.626,4.903,5.629,0.177,8.436,4.996
2375,anomalous,13,96,2,14.65,0.981,1,0.15,0.39,0.968,0.709,0.05,0.531
2378,organic,66,86,2,16.681,0.809,8,1.416,6.979,7.83,0.357,2.066,1.623
2379,organic,112,48,3,9.983,0.484,14,2.549,10.707,6.849,0.176,8.744,3.462
2380,organic,131,71,1,31.449,0.857,1,0.148,2.264,0.982,0.536,4.174,0.504
2383,organic,138,29,3,5.994,0.495,12,2.657,10.274,3.755,0.114,13.28,2.494
2383,anomalous,34,43,1,21.905,0.916,1,0.353,2.79,0.902,0.705,1.191,0.555
2384,organic,161,36,1,15.081,0.683,7,1.299,3.519,3.388,0.343,8.726,2.327
2390,organic,94,85,5,7.552,0.546,16,2.439,8.042,6.506,0.148,6.485,1.574
2391,organic,34,26,3,8.991,0.582,5,1.114,9.371,7.245,0.148,5.825,4.779
2391,anomalous,61,22,2,10.931,0.657,5,0.845,3.016,2.758,0.595,2.656,1.014
2394,organic,79,18,1,11.433,0.764,5,1.088,6.924,3.613,0.164,3.678,0.908
2396,organic,168,28,5,4.527,0.55,5,1.274,7.827,8.094,0.15,7.233,2.239
2399,organic,95,44,4,5.941,0.655,10,1.936,11.726,2.563,0.013,8.146,4.197
2400,organic,18,10,1,9.463,0.84,2,0.898,5.974,6.591,0.32,6.4,4.171
2401,anomalous,44,156,4,10.781,0.479,7,0.85,5.902,3.529,0.334,3.967,1.661
2404,anomalous,96,100,2,17.795,0.734,3,0.545,2.031,1.891,0.595,1.332,0.923
2405,organic,58,27,2,8.978,0.606,9,2.021,7.705,4.814,0.171,9.835,3.823
2406,organic,70,117,3,17.28,0.806,2,0.479,5.718,5.707,0.279,6.143,3.063
2408,organic,32,25,1,13.959,0.729,17,3.289,3.173,5.097,0.009,10.813,3.029
2408,anomalous,96,34,1,19.892,0.691,5,0.809,4.075,1.04,0.633,2.257,0.429
2410,organic,161,51,2,15.914,0.889,6,1.219,5.113,8.547,0.227,3.885,1.368
2414,organic,140,49,2,9.709,0.665,8,1.496,9.462,8.364,0.147,8.802,3.848
2418,anomalous,77,61,3,17.657,0.657,7,1.217,3.019,1.413,0.76,3.664,0.922
2419,organic,100,21,5,3.604,0.48,13,2.691,8.589,7.329,0.037,6.618,3.386
2419,anomalous,145,102,2,24.081,0.838,3,0.142,2.305,0.05,0.804,0.05,0.298
2420,organic,149,20,1,9.653,0.825,3,0.716,7.476,8.111,0.09,9.998,1.496
2421,anomalous,26,186,4,11.708,0.588,9,1.008,2.125,3.047,0.308,2.321,1.452
2422,organic,97,44,4,5.885,0.191,9,2.394,9.835,7.918,0.101,9.35,1.313
2422,anomalous,12,95,2,20.394,0.729,3,0.539,3.232,0.98,0.92,3.752,0.36
2423,organic,95,24,2,12.672,0.512,9,1.907,4.219,3.079,0.202,5.134,4.501
2424,organic,129,69,2,11.493,0.87,6,1.258,11.219,7.933,0.106,5.123,5.204
2426,anomalous,150,93,3,12.849,0.664,5,0.829,3.657,3.737,0.315,6.235,0.677
2430,organic,35,16,3,10.073,0.622,12,4.314,5.858,4.806,0.225,9.244,2.195
2432,anomalous,163,22,1,18.129,0.855,6,1.291,4.762,1.397,0.475,5.803,1.149
2433,organic,32,28,1,10.153,0.615,4,1.107,6.138,4.944,0.089,2.673,1.132
2433,anomalous,19,46,1,18.191,0.83,4,0.197,1.139,1.267,0.747,2.309,0.232
2434,organic,102,70,2,12.924,0.562,4,0.64,3.055,7.833,0.21,5.162,4.846
2438,anomalous,7,19,1,9.047,0.755,1,0.426,5.936,2.109,0.728,2.256,1.184
2440,organic,109,70,2,15.46,0.555,7,1.512,8.214,6.443,0.094,8.042,4.509
2443,organic,102,9,2,9.381,0.319,9,3.507,5.891,6.362,0.263,6.854,4.066
2446,organic,70,42,4,5.158,0.674,6,1.341,6.444,5.238,0.082,12.34,3.785
2447,organic,35,25,2,4.223,0.406,5,1.551,9.83,6.806,0.032,9.943,4.533
2449,organic,69,42,2,6.306,0.62,5,1.038,4.142,7.875,0.174,9.832,4.521
2450,organic,123,14,1,10.434,0.774,4,1.113,12.209,3.414,0.347,7.281,1.381
2453,organic,34,16,3,7.986,0.677,5,1.515,11.578,6.147,0.141,12.901,3.427
2453,anomalous,49,35,2,7.77,0.693,4,0.805,5.432,2.51,0.354,4.535,0.756
2455,organic,62,28,2,12.38,0.752,3,0.839,5.079,5.53,0.33,6.244,4.299
2456,organic,133,70,3,12.744,0.871,2,0.58,7.388,4.352,0.361,3.809,3.915
2456,anomalous,21,101,4,10.343,0.757,8,1.324,8.631,2.429,0.549,6.284,2.36
2457,anomalous,134,62,3,6.749,0.788,5,1.184,6.248,3.199,0.452,2.573,1.28
2459,organic,85,18,3,3.342,0.46,4,0.99,2.704,5.085,0.048,13.875,3.369
2463,organic,163,28,1,14.978,0.833,8,1.824,4.136,5.784,0.241,2.475,4.644
2464,organic,132,64,3,15.199,0.736,6,1.225,4.951,4.248,0.313,5.724,4.627
2466,organic,166,33,1,9.445,0.606,9,1.687,3.622,7.657,0.173,8.329,4.45
2467,organic,164,29,5,5.926,0.508,9,2.128,10.123,5.764,0.265,5.353,3.499
2468,organic,27,37,3,9.084,0.686,6,1.034,7.631,6.265,0.216,6.108,4.644
2469,organic,34,18,2,5.191,0.7,11,2.18,9.802,6.359,0.061,4.762,2.469
2470,anomalous,119,46,3,12.909,0.836,2,0.501,4.279,1.822,0.675,2.573,1.03
2471,organic,81,9,1,9.416,0.848,4,1.654,5.017,6.019,0.223,8.62,1.748
2474,organic,148,9,1,10.078,0.612,6,2.379,6.031,4.356,0.087,11.496,4.03
2478,organic,84,84,3,17.04,0.863,4,0.693,3.054,8.784,0.083,4.417,2.61
2480,organic,130,31,2,8.9,0.378,19,3.527,13.84,7.086,0.044,14.353,4.732
2482,organic,54,22,3,4.623,0.426,5,1.22,12.539,7.684,0.111,14.196,2.523
2484,organic,29,22,2,4.031,0.584,10,2.225,15.862,7.246,0.099,13.016,2.015
2485,organic,159,42,4,8.527,0.66,7,1.539,6.759,7.12,0.26,6.892,4.713
2486,organic,115,61,3,16.06,0.905,3,0.783,6.55,4.635,0.264,3.144,2.988
2487,anomalous,6,63,4,5.667,0.661,8,1.139,5.682,3.97,0.439,2.265,1.933
2488,organic,158,29,2,11.8,0.568,7,1.685,3.938,8.447,0.274,7.943,1.388
2489,organic,22,14,1,12.655,0.666,15,3.514,9.342,5.583,0.362,4.426,4.705
2489,anomalous,94,48,2,14.202,0.753,1,0.395,1.222,0.383,0.424,1.509,0.257
2491,organic,25,38,4,6.194,0.609,7,1.533,13.024,3.805,0.0,13.693,3.597
2494,organic,149,55,3,10.348,0.701,5,1.132,10.039,3.352,0.229,7.122,2.111
2499,organic,28,12,3,3.921,0.664,5,1.374,8.869,4.148,0.0,5.296,1.928
2500,organic,158,17,2,3.984,0.572,12,3.341,5.603,2.775,0.164,5.434,4.925
2504,organic,94,29,5,5.122,0.42,13,2.499,10.263,7.205,0.083,5.779,2.055
2505,organic,10,51,4,5.243,0.571,8,1.438,10.243,5.359,0.272,8.439,1.302
2506,organic,83,25,1,16.18,0.816,4,0.851,7.984,7.574,0.148,3.578,2.85
2508,organic,105,39,1,12.2,0.82,2,0.531,6.004,6.938,0.188,3.528,1.483
2509,anomalous,36,51,2,15.401,0.97,3,0.586,1.654,0.906,0.827,1.552,0.054
2512,organic,64,15,1,13.908,0.871,11,2.628,6.321,7.57,0.334,7.219,2.125
2515,organic,96,31,2,10.918,0.754,13,2.516,4.598,8.008,0.13,9.245,1.591
2516,organic,107,29,6,2.807,0.614,13,2.503,5.106,6.593,0.145,10.34,1.168
2518,organic,25,16,1,9.106,0.858,3,1.083,4.847,4.604,0.197,11.724,3.346
2524,organic,80,24,2,8.255,0.768,9,2.064,7.678,3.663,0.042,9.368,4.311
2525,organic,11,19,1,5.647,0.828,13,3.191,9.678,5.586,0.007,11.777,3.772
2526,anomalous,113,45,3,8.171,0.58,5,0.924,5.042,3.873,0.313,6.421,0.654
2527,anomalous,17,55,4,5.337,0.743,3,0.494,5.617,1.739,0.356,5.975,1.543
2528,organic,144,48,6,4.05,0.319,13,2.371,18.92,4.423,0.047,13.847,3.312
2529,organic,13,19,3,4.695,0.53,10,2.416,12.099,4.757,0.0,14.42,3.863
2530,organic,66,26,5,2.56,0.443,6,1.404,8.723,2.335,0.072,9.155,2.7
2534,organic,75,25,3,5.4,0.563,7,1.355,8.851,5.884,0.203,12.186,2.712
2535,organic,21,20,3,10.232,0.665,9,2.666,5.159,3.01,0.135,7.925,3.26
2536,organic,140,111,3,12.189,0.816,4,0.673,7.243,6.844,0.326,5.779,4.035
2541,organic,27,31,2,5.265,0.581,3,0.848,8.439,5.492,0.021,10.28,4.075
2545,organic,4,40,3,5.499,0.474,14,2.894,6.934,6.896,0.187,11.499,3.946
2546,organic,32,46,4,5.191,0.607,11,1.968,9.191,4.957,0.029,14.634,4.936
2547,organic,20,45,3,11.087,0.803,13,1.902,11.88,2.458,0.289,9.312,4.489
2549,organic,77,38,3,5.532,0.756,13,2.656,8.418,3.966,0.179,7.183,3.531
2552,organic,37,34,1,12.307,0.759,6,1.154,3.855,3.622,0.055,4.68,3.022
2556,organic,156,25,2,5.469,0.366,3,1.022,13.01,4.701,0.04,14.01,1.652
2558,organic,70,11,1,5.309,0.727,8,2.117,8.074,4.553,0.283,10.152,1.838
2561,organic,42,26,5,8.95,0.716,15,2.994,6.259,2.693,0.047,13.728,3.885
2563,anomalous,105,54,1,27.102,0.907,4,0.633,0.517,1.773,0.829,1.354,0.494
2566,organic,140,43,2,12.131,0.579,4,0.924,11.6,7.928,0.237,5.594,1.7
2568,anomalous,53,47,1,22.347,0.678,4,0.315,2.782,0.302,0.864,0.692,0.451
2570,organic,58,24,2,12.737,0.757,6,1.174,3.995,7.425,0.24,6.445,4.563
2570,anomalous,32,59,4,7.95,0.652,6,1.36,7.425,2.852,0.424,6.871,2.234
2575,organic,34,14,5,2.784,0.582,11,2.353,12.225,5.19,0.046,12.944,2.946
2576,organic,5,66,2,16.956,0.826,10,1.289,4.46,7.793,0.422,2.798,3.241
2579,organic,14,147,3,18.942,0.746,3,0.623,8.427,7.333,0.161,5.296,1.36
2583,organic,82,64,3,9.858,0.777,5,0.967,3.81,7.549,0.432,7.184,3.562
2586,organic,19,37,2,9.218,0.612,10,1.884,12.669,7.717,0.168,4.68,3.464
2587,organic,38,73,6,8.583,0.445,10,1.563,5.294,2.641,0.179,6.297,1.254
2589,anomalous,17,21,1,7.89,0.903,6,1.178,3.854,0.94,0.597,3.472,0.619
2590,organic,110,50,4,7.862,0.449,6,1.105,12.347,5.439,0.247,9.817,4.238
2594,organic,23,46,3,7.886,0.715,10,2.129,6.529,7.49,0.0,10.056,1.692
2594,anomalous,49,71,1,34.462,0.92,1,0.146,2.226,0.822,0.814,0.727,0.461
2597,organic,158,41,6,2.775,0.415,10,1.598,10.795,7.061,0.138,5.089,1.728
2598,organic,65,22,2,7.626,0.657,7,2.137,8.963,5.644,0.026,5.87,1.303
2599,anomalous,142,22,1,14.049,0.983,1,0.45,3.723,0.986,0.662,1.601,0.474
2600,anomalous,79,24,1,11.411,0.938,4,0.905,0.803,0.883,0.887,0.05,0.344
2601,organic,145,79,6,5.661,0.331,11,2.109,9.468,2.836,0.091,13.983,1.118
2602,organic,140,28,3,8.429,0.554,6,1.233,9.876,7.404,0.105,15.448,1.293
2602,anomalous,110,60,1,21.434,0.88,2,0.302,2.527,0.548,0.994,0.05,0.215
2613,anomalous,44,17,1,14.835,0.9,5,0.446,3.04,0.954,0.959,2.087,0.493
2616,organic,104,27,3,6.003,0.7,14,3.56,7.115,5.266,0.23,8.962,2.393
2617,organic,47,28,2,9.088,0.793,9,1.47,8.167,7.757,0.0,11.771,1.305
2618,organic,50,90,3,11.736,0.57,8,1.442,7.265,4.713,0.12,6.066,4.033
2620,organic,160,23,1,10.613,0.699,9,1.897,7.967,6.937,0.353,2.856,4.64
2620,anomalous,143,33,2,16.169,0.884,1,0.674,3.193,1.332,0.729,1.797,0.02
2622,organic,135,16,2,4.576,0.622,2,0.966,12.246,7.441,0.145,6.491,1.302
2623,organic,103,27,1,8.919,0.893,4,0.405,6.481,0.369,0.583,1.483,1.009
2625,organic,53,87,4,7.978,0.552,13,2.969,7.876,3.544,0.095,9.379,2.21
2626,organic,69,27,4,5.688,0.461,12,2.558,11.806,3.142,0.0,9.097,3.104
2627,organic,166,11,2,2.601,0.637,13,3.533,8.241,7.325,0.0,8.972,2.284
2628,organic,166,31,3,6.589,0.678,6,1.471,7.198,4.783,0.079,13.542,3.502
2628,anomalous,156,53,1,22.904,0.788,1,0.19,4.202,0.758,0.507,1.304,0.45
2631,organic,108,27,2,7.543,0.625,8,1.958,7.009,6.069,0.191,5.839,1.097
2632,organic,156,92,3,13.854,0.867,16,2.873,7.685,6.895,0.139,4.15,2.57
2634,organic,130,52,2,11.961,0.848,5,0.698,6.97,4.863,0.34,6.175,1.496
2636,organic,113,25,3,3.474,0.259,9,2.025,7.885,3.542,0.012,7.907,4.245
2638,organic,50,39,3,7.699,0.639,13,3.692,8.664,6.139,0.209,6.595,0.967
2641,organic,68,14,1,12.12,0.637,9,2.091,11.49,4.119,0.22,7.568,2.966
2642,organic,167,13,2,4.077,0.609,13,3.696,9.001,4.86,0.079,11.632,3.926
2645,organic,167,19,1,10.321,0.709,5,1.152,6.011,3.938,0.127,9.558,3.506
2647,organic,87,51,4,6.827,0.672,10,2.162,8.762,2.958,0.285,11.443,2.843
2647,anomalous,168,25,4,6.478,0.614,7,1.318,3.924,3.163,0.161,6.406,2.775
2648,organic,26,18,1,11.851,0.67,11,2.733,5.389,2.992,0.228,7.711,3.616
2650,organic,50,70,3,9.419,0.705,11,1.752,5.151,7.877,0.372,9.704,1.945
2651,anomalous,96,50,1,25.11,0.915,1,0.364,0.559,0.641,0.733,2.283,0.041
2653,organic,154,13,1,5.829,0.724,3,0.723,12.788,7.491,0.212,9.948,2.028
2656,organic,133,85,3,11.127,0.921,6,1.207,5.096,7.046,0.129,7.47,1.448
2657,organic,108,13,2,3.863,0.715,10,2.713,7.547,5.926,0.144,12.151,4.408
2658,organic,16,44,4,4.288,0.607,8,1.427,16.709,3.875,0.189,12.178,4.366
2659,organic,137,42,5,3.791,0.33,8,1.469,10.618,4.445,0.101,7.647,2.018
2660,anomalous,149,41,1,12.444,0.693,5,1.083,6.172,7.904,0.226,5.223,3.766
2661,organic,141,43,5,3.682,0.511,9,1.537,10.016,5.615,0.036,13.906,3.336
2663,organic,121,119,3,18.761,0.615,7,0.9,4.691,6.802,0.31,4.515,4.082
2664,organic,31,46,3,6.901,0.584,18,3.226,9.25,8.395,0.306,13.564,1.561
2668,organic,103,15,1,11.83,0.907,3,1.23,4.767,5.985,0.101,3.238,3.964
2669,organic,97,18,2,8.98,0.714,5,1.275,4.66,3.083,0.226,7.896,2.398
2673,organic,22,18,4,3.686,0.45,16,3.367,9.827,4.699,0.0,13.679,1.587
2674,organic,8,72,2,15.85,0.876,10,1.899,9.026,6.906,0.277,7.064,2.696
2674,anomalous,0,12,1,8.27,0.859,6,1.265,3.454,0.856,0.611,1.046,0.835
2675,organic,152,13,2,3.45,0.29,4,1.008,11.973,2.685,0.026,8.129,4.253
2677,organic,145,13,1,6.525,0.771,13,3.591,7.421,3.867,0.254,7.179,2.989
2677,anomalous,87,28,1,24.525,0.83,1,0.216,2.656,0.05,0.828,1.187,0.304
2684,organic,94,12,2,4.95,0.769,6,1.574,7.58,3.882,0.191,9.544,3.155
2686,organic,67,35,3,7.224,0.768,13,2.738,13.037,7.53,0.0,9.724,3.513
2689,organic,106,8,1,7.118,0.677,4,1.534,8.981,7.065,0.0,11.69,1.979
2690,organic,10,16,1,5.888,0.536,5,1.444,9.193,5.258,0.25,9.171,4.247
2692,anomalous,19,24,2,9.593,0.719,7,1.499,9.448,4.224,0.262,2.746,1.931
2696,organic,123,82,3,9.21,0.704,7,1.325,5.187,5.942,0.36,7.033,3.625
2703,anomalous,80,27,3,9.856,0.778,1,0.407,2.037,1.706,0.735,1.398,1.572
2704,anomalous,45,94,2,23.003,1.0,3,0.587,1.62,0.965,0.644,1.274,0.372
2705,organic,109,29,1,12.551,0.839,15,2.716,9.193,8.206,0.057,2.852,1.894
2706,organic,165,41,2,10.675,0.532,6,1.505,9.845,5.545,0.219,6.312,1.468
2709,anomalous,22,81,2,16.135,0.845,2,0.473,1.934,0.689,0.699,1.83,0.281
2714,anomalous,20,23,1,11.809,1.0,3,0.622,0.396,0.4,0.615,0.05,0.413
2718,organic,118,26,3,4.318,0.502,9,2.038,5.73,3.828,0.016,14.508,3.14
2719,organic,93,17,1,17.653,0.809,5,0.951,2.441,4.868,0.092,6.0,2.66
2722,organic,151,117,3,15.632,0.852,3,0.465,4.316,2.961,0.32,3.173,2.862
2723,organic,84,27,3,10.172,0.68,8,1.924,9.308,6.632,0.044,6.329,4.216
2727,anomalous,125,110,3,13.314,0.62,6,1.018,6.292,1.781,0.483,4.141,0.951
2728,anomalous,9,153,3,14.576,0.658,2,0.288,3.306,1.964,0.547,3.71,1.268
2730,organic,139,22,2,7.151,0.553,7,1.959,7.13,5.178,0.265,5.049,4.33
2731,organic,59,15,2,6.776,0.729,8,2.512,9.282,5.022,0.105,5.564,1.383
2731,anomalous,56,54,1,15.909,0.76,1,0.153,5.308,0.189,0.988,3.257,0.253
2732,organic,50,47,4,5.68,0.595,5,1.05,13.373,8.255,0.076,10.864,1.689
2733,organic,73,87,3,12.736,0.877,5,1.063,2.869,5.205,0.183,6.068,2.966
2734,organic,58,43,4,9.774,0.617,8,1.524,7.732,3.402,0.104,8.083,4.168
2736,organic,0,55,2,9.915,0.639,14,2.646,8.52,8.016,0.059,9.844,4.227
2737,anomalous,35,19,1,19.109,0.864,3,0.966,1.467,1.408,1.0,0.846,0.63
2738,organic,157,58,3,6.507,0.741,7,1.276,9.304,6.403,0.298,6.047,2.743
2740,organic,136,58,3,9.792,0.679,3,0.472,7.203,4.318,0.261,4.197,4.446
2741,organic,161,44,3,7.254,0.81,7,1.639,5.186,7.389,0.257,3.75,2.111
2741,anomalous,59,134,1,34.502,0.759,2,0.403,2.728,0.375,0.803,0.05,0.592
2743,organic,123,45,3,13.246,0.85,7,1.24,8.019,4.806,0.159,3.347,1.339
2744,organic,37,46,3,8.322,0.578,11,2.041,7.696,5.534,0.018,9.554,3.886
2745,organic,86,80,3,10.792,0.709,3,0.45,6.323,2.046,0.483,3.281,1.207
2747,organic,20,44,2,8.764,0.749,2,0.6,6.377,4.509,0.169,4.305,1.281
2749,anomalous,6,115,3,15.586,0.754,8,1.127,4.422,3.586,0.322,9.463,3.323
2750,anomalous,120,14,1,12.113,0.728,1,0.52,0.999,2.511,0.407,0.598,0.17
2751,anomalous,71,100,2,16.696,0.983,3,0.469,2.744,1.299,0.947,0.05,0.741
2758,organic,124,24,4,5.476,0.476,7,1.771,14.427,3.968,0.089,9.996,1.489
2758,anomalous,48,59,2,18.045,1.0,3,0.543,5.359,0.696,0.74,1.393,0.891
2760,organic,15,20,2,6.091,0.5,10,2.066,6.063,5.761,0.237,8.918,3.313
2763,anomalous,45,56,1,21.139,0.713,6,0.653,3.623,1.458,0.428,3.694,0.02
2764,organic,122,17,2,3.567,0.648,6,1.558,13.16,4.778,0.215,10.3,4.419
2765,organic,147,37,1,11.96,0.8,2,0.577,5.08,4.777,0.142,6.112,4.346
2767,anomalous,168,39,1,14.91,0.909,3,0.658,0.754,0.067,0.808,2.526,0.737
2769,organic,33,51,4,7.193,0.5,7,0.998,9.326,8.006,0.221,11.002,2.043
2771,organic,27,40,2,7.236,0.519,3,0.769,10.838,2.502,0.08,6.982,4.094
2777,organic,89,19,2,7.54,0.923,10,1.858,5.515,3.268,0.156,8.741,2.89
2778,anomalous,57,34,2,16.094,1.0,3,0.728,2.668,0.49,0.76,0.34,0.172
2779,organic,117,79,3,12.826,0.686,9,1.438,8.395,5.61,0.089,5.416,2.303
2779,anomalous,20,99,3,12.331,0.718,6,1.005,3.463,2.068,0.473,4.379,0.706
2781,anomalous,111,51,2,17.302,0.81,5,0.536,5.848,0.182,0.758,0.288,0.411
2783,anomalous,130,39,1,14.269,0.869,1,0.204,1.248,0.869,0.622,4.553,0.382
2784,organic,35,42,3,8.37,0.657,15,3.017,13.941,4.306,0.172,12.83,1.753
2785,organic,165,17,1,11.225,0.849,9,1.893,6.371,3.485,0.24,4.042,4.328
2787,anomalous,157,74,2,11.807,0.835,4,0.521,2.797,0.791,0.766,2.144,0.157
2788,organic,51,17,1,12.471,0.689,13,3.225,7.532,3.165,0.072,9.435,2.313
2789,organic,108,11,1,10.972,0.526,8,2.148,6.338,5.948,0.109,4.315,2.731
2790,organic,161,19,2,4.496,0.747,5,1.194,11.19,4.178,0.109,4.952,1.438
2792,organic,149,56,4,8.971,0.629,5,0.837,6.299,3.261,0.14,6.057,3.07
2793,organic,102,81,2,15.105,0.578,7,1.108,6.383,4.481,0.329,4.331,2.391
2793,anomalous,121,67,2,21.868,0.815,3,0.449,1.68,1.006,0.873,1.003,0.163
2794,organic,55,59,3,6.993,0.69,12,2.576,6.332,6.661,0.071,10.363,2.47
2796,organic,130,25,1,12.556,0.709,11,2.751,2.731,7.575,0.173,7.416,2.298
2797,organic,159,37,2,11.381,0.664,7,1.743,7.854,6.347,0.238,5.221,4.904
2798,organic,113,18,2,4.192,0.653,8,1.778,14.478,2.733,0.129,9.244,1.194
2799,organic,145,72,2,11.435,0.783,17,3.03,2.321,6.106,0.114,10.518,4.775
2800,anomalous,81,61,4,6.896,0.74,4,0.695,7.059,1.946,0.171,6.597,1.436
2803,organic,158,23,4,4.503,0.472,14,2.861,6.852,8.168,0.067,13.865,4.987
2804,organic,136,47,2,11.755,0.45,4,0.977,12.632,2.85,0.153,8.335,1.37
2805,anomalous,19,89,2,32.273,0.797,3,0.523,1.194,1.336,0.819,0.869,0.169
2806,organic,155,6,2,3.314,0.586,5,1.252,13.453,7.915,0.019,14.435,3.54
2807,organic,105,17,2,5.509,0.747,6,1.57,7.95,6.51,0.12,8.653,3.245
2807,anomalous,168,49,3,12.147,0.807,6,0.667,5.43,1.517,0.391,3.231,1.193
2808,organic,156,26,1,12.297,0.822,5,0.782,5.5,0.497,0.477,0.05,0.61
2811,organic,80,25,1,14.568,0.785,6,1.503,6.668,3.689,0.356,6.118,2.635
2812,organic,71,40,3,9.332,0.686,15,3.016,4.952,7.936,0.201,9.329,3.918
2815,organic,53,28,1,10.208,0.544,6,1.031,9.51,6.986,0.155,7.39,1.626
2815,anomalous,48,62,1,25.204,0.741,1,0.152,1.464,0.962,0.728,3.047,0.29
2819,organic,74,87,4,9.726,0.481,13,2.195,14.412,5.757,0.171,6.363,2.468
2821,organic,64,73,3,15.646,0.72,5,0.897,6.032,5.863,0.215,3.387,1.449
2826,organic,26,66,3,11.179,0.86,12,2.426,9.069,7.34,0.346,11.741,3.565
2828,organic,119,157,5,11.547,0.428,14,2.783,12.223,5.38,0.136,9.273,1.549
2828,anomalous,35,43,2,11.805,0.855,4,0.655,2.714,0.518,0.851,0.72,0.518
2832,organic,122,83,3,9.876,0.764,2,0.708,7.104,4.379,0.144,7.636,1.811
2833,anomalous,34,73,4,7.572,0.796,11,1.906,4.547,3.328,0.059,5.944,3.481
2834,organic,63,24,1,16.742,0.944,10,2.027,4.558,4.36,0.193,6.552,1.121
2838,organic,124,37,3,12.529,0.641,4,0.828,2.762,7.934,0.36,4.035,4.365
2838,anomalous,112,33,3,6.587,0.807,3,0.633,4.365,4.422,0.282,2.837,0.987
2842,organic,7,60,4,9.575,0.652,12,2.148,18.903,5.58,0.054,6.053,2.462
2843,organic,56,57,3,9.224,0.784,4,0.767,1.981,7.808,0.213,3.346,1.956
2843,anomalous,35,37,2,9.011,0.868,4,0.369,1.179,2.233,0.395,5.214,0.512
2844,organic,107,16,1,6.252,0.809,9,2.778,4.553,5.238,0.303,5.937,4.055
2844,anomalous,33,70,1,16.357,0.815,2,0.642,3.013,0.538,0.589,0.13,0.357
2846,organic,35,27,3,4.325,0.67,4,1.224,5.44,3.639,0.317,5.22,4.579
2847,organic,110,84,4,9.647,0.51,12,1.889,10.079,4.764,0.222,6.452,2.897
2849,organic,47,66,2,12.102,0.758,7,1.746,5.397,4.653,0.326,7.076,2.806
2851,organic,15,63,4,9.706,0.611,17,2.824,12.321,6.833,0.098,5.969,1.502
2851,anomalous,27,72,3,12.59,0.811,5,0.661,2.714,2.475,0.223,4.709,1.475
2852,organic,160,12,2,4.96,0.427,4,1.022,12.657,3.972,0.12,9.644,4.215
2852,anomalous,124,74,1,26.053,0.744,1,0.146,0.976,0.69,0.879,3.768,0.533
2854,organic,78,31,3,9.068,0.732,5,1.595,8.09,3.045,0.159,2.99,3.414
2854,anomalous,69,34,2,6.219,0.699,3,0.777,3.911,2.356,0.368,5.379,1.106
2856,organic,26,32,4,2.744,0.479,9,2.242,8.785,7.743,0.076,10.403,3.489
2857,organic,62,36,2,9.693,0.813,3,0.826,2.935,4.578,0.047,7.222,3.392
2859,organic,8,31,5,2.55,0.593,9,1.989,15.729,4.033,0.099,15.453,4.336
2860,organic,28,22,2,4.95,0.478,13,2.554,14.256,6.829,0.076,12.315,1.649
2861,organic,125,34,4,4.687,0.423,9,1.843,12.833,5.484,0.057,13.296,2.866
2864,organic,100,15,2,7.488,0.489,3,0.946,4.008,3.155,0.337,10.225,3.631
2865,organic,36,37,6,4.443,0.426,14,2.74,11.124,6.998,0.042,8.209,4.164
2869,organic,69,54,4,9.541,0.447,6,1.512,8.106,6.67,0.188,7.548,4.23
2870,organic,47,20,3,3.997,0.897,14,2.868,10.12,5.753,0.002,10.383,3.116
2871,organic,93,32,2,10.594,0.792,12,2.827,7.546,4.664,0.275,7.238,1.074
2872,anomalous,125,41,1,16.036,0.864,4,0.789,1.654,2.681,0.678,2.156,0.647
2873,organic,99,7,1,7.455,0.576,7,2.384,7.426,5.688,0.145,4.134,1.905
2874,organic,135,11,1,7.89,0.559,7,1.928,6.743,6.602,0.292,8.228,1.335
2875,organic,112,21,3,9.096,0.527,11,3.213,7.475,6.011,0.168,9.718,3.852
2876,organic,53,97,3,13.607,0.823,4,0.634,4.565,6.973,0.149,4.281,3.139
2876,anomalous,141,72,3,11.769,0.752,5,1.074,2.884,0.291,0.518,3.117,1.421
2881,organic,44,73,3,12.077,0.682,5,0.713,8.079,4.418,0.32,9.239,4.439
2882,organic,27,16,1,10.479,0.739,5,1.079,10.154,2.507,0.148,9.864,2.571
2882,anomalous,155,31,1,24.199,0.892,2,0.418,3.005,0.05,0.919,0.664,0.319
2884,organic,63,29,3,8.443,0.488,12,2.478,5.774,5.988,0.125,10.323,4.352
2885,organic,17,16,2,10.975,0.683,9,2.298,7.681,8.74,0.282,11.346,1.585
2886,organic,70,29,2,8.369,0.556,14,2.71,11.499,5.404,0.019,10.96,2.382
2889,organic,24,22,2,7.912,0.417,11,2.172,13.127,3.767,0.14,6.881,3.438
2890,anomalous,76,47,1,26.736,0.909,2,0.368,4.973,0.471,0.685,0.05,0.538
2897,anomalous,38,28,1,9.931,0.812,5,1.173,5.803,0.411,0.476,5.077,0.968
2898,organic,132,19,5,8.851,0.679,5,1.19,9.303,5.037,0.036,6.364,3.757
2901,organic,135,65,3,11.758,0.799,14,2.524,7.1,3.804,0.272,8.096,5.068
2902,organic,169,17,1,7.476,0.743,14,3.474,5.697,3.579,0.013,6.788,2.102
2911,organic,25,49,4,7.468,0.215,7,1.924,9.867,2.662,0.091,8.246,1.971
2912,organic,40,37,2,7.855,0.76,6,0.932,2.168,4.115,0.225,7.415,4.15
2914,organic,140,51,2,16.123,0.668,9,1.782,6.658,2.891,0.257,6.504,4.114
2915,anomalous,143,39,4,7.603,0.754,4,0.768,5.109,4.27,0.444,6.331,2.417
2916,organic,43,37,3,10.003,0.534,10,2.202,4.358,3.891,0.248,5.891,1.197
2917,organic,124,40,5,5.315,0.476,10,2.399,7.584,7.915,0.207,6.558,3.888
2917,anomalous,134,37,1,17.07,0.884,2,0.421,0.698,0.641,0.756,0.132,0.474
2918,organic,155,34,4,6.385,0.577,10,3.059,10.586,7.043,0.176,8.523,4.512
2920,organic,63,15,1,10.437,0.47,4,1.066,7.436,4.883,0.021,11.101,4.946
2921,organic,12,17,1,7.491,0.49,10,2.356,6.852,7.203,0.0,9.665,1.39
2923,organic,143,45,3,7.739,0.733,13,2.47,6.146,6.225,0.037,9.782,1.638
2924,organic,107,24,2,6.342,0.565,15,3.806,8.32,3.999,0.343,7.043,3.911
2926,anomalous,169,39,1,13.369,0.872,3,0.342,3.234,0.516,0.793,0.05,0.67
2927,anomalous,93,42,1,30.92,0.841,1,0.33,2.846,0.708,1.0,0.05,0.35
2929,anomalous,10,104,2,28.417,0.952,3,0.572,2.682,0.819,0.798,0.243,0.217
2930,organic,58,20,4,4.464,0.32,7,1.245,13.324,8.152,0.0,8.461,3.819
2930,anomalous,153,21,1,9.75,0.93,4,0.726,4.915,3.282,0.769,3.482,1.173
2932,organic,74,60,3,11.328,0.781,7,1.158,4.054,7.53,0.125,7.719,1.115
2933,organic,11,28,1,10.178,0.715,3,0.618,5.536,3.978,0.117,5.328,2.015
2933,anomalous,28,26,1,12.497,0.841,6,1.486,3.385,2.312,0.731,0.932,1.072
2934,anomalous,149,61,3,12.019,0.69,8,1.424,0.938,3.546,0.483,5.991,2.523
2935,organic,139,15,2,6.461,0.768,4,1.064,6.948,3.255,0.09,6.319,1.213
2940,organic,11,39,2,10.987,0.756,3,0.513,10.187,4.385,0.079,8.927,4.087
2943,organic,33,10,2,4.531,0.577,8,2.011,9.157,3.809,0.054,8.533,4.07
2949,organic,37,19,3,4.556,0.501,5,1.255,6.357,6.958,0.0,12.866,1.885
2950,anomalous,104,17,1,5.557,0.687,3,0.75,5.789,5.031,0.069,8.327,2.244
2952,anomalous,168,136,2,25.26,0.888,4,0.125,4.678,0.378,0.723,3.217,0.02
2953,organic,111,57,3,9.367,0.67,15,2.614,5.762,7.829,0.142,7.571,2.656
2953,anomalous,84,72,2,20.621,0.789,2,0.178,2.207,1.44,0.935,0.691,0.428
2960,organic,101,32,5,2.216,0.367,6,1.293,8.717,7.425,0.131,11.064,3.198
2962,organic,4,18,1,10.192,0.627,7,1.714,7.283,3.091,0.175,9.838,1.935
2965,anomalous,19,41,4,4.785,0.601,8,1.223,6.6,4.082,0.37,5.818,1.357
2969,organic,64,64,3,9.126,0.92,5,0.779,4.111,4.703,0.269,5.421,1.587
2969,anomalous,144,134,2,26.143,0.779,4,0.566,1.589,1.006,0.717,1.751,0.334
2970,organic,0,17,2,11.103,0.754,15,3.05,5.727,8.613,0.0,12.144,5.079
2970,anomalous,145,62,2,14.973,0.812,2,0.304,1.351,0.219,0.505,4.506,0.563
2972,organic,11,33,2,7.718,0.594,13,2.921,5.718,7.463,0.0,9.44,2.854
2972,anomalous,21,26,1,14.91,0.975,6,0.674,4.947,1.445,0.984,3.599,0.295
2975,organic,24,43,1,14.964,0.727,8,2.216,7.798,5.925,0.283,3.433,0.949
2976,organic,157,15,1,15.079,0.741,9,2.073,3.792,3.729,0.334,3.294,3.854
2977,organic,19,11,1,10.082,0.746,8,2.571,8.38,7.009,0.115,12.091,2.137
2977,anomalous,112,68,1,34.542,0.806,4,0.443,4.055,0.42,0.545,2.758,0.036
2978,organic,128,10,2,2.712,0.556,7,2.936,8.776,4.309,0.282,12.189,2.713
2981,anomalous,134,54,1,18.813,0.763,2,0.536,4.284,1.073,0.716,3.317,0.02
2984,organic,65,10,1,9.28,0.829,9,2.514,12.428,4.996,0.041,8.873,1.321
2985,organic,45,37,4,7.538,0.502,16,2.705,9.68,7.864,0.152,13.457,1.929
2986,organic,67,29,5,7.463,0.721,14,3.451,7.31,3.738,0.169,9.264,2.818
2987,anomalous,97,68,2,22.673,0.933,5,0.934,5.912,2.184,0.475,1.423,0.703
2989,organic,60,25,2,6.556,0.616,7,1.602,7.81,7.423,0.012,13.098,2.289
2991,organic,157,43,2,8.201,0.77,7,1.213,5.637,3.509,0.231,4.82,2.445
2991,anomalous,147,69,3,9.853,0.814,4,0.827,4.934,2.378,0.249,2.421,0.679
2992,organic,133,21,4,4.376,0.685,17,3.919,2.745,6.007,0.313,6.11,4.221
2992,anomalous,149,100,3,13.579,0.733,6,0.699,3.03,1.979,0.487,2.212,0.8
2993,organic,112,19,4,3.691,0.409,5,1.433,11.068,7.281,0.119,6.509,3.351
2994,organic,31,22,1,11.228,0.754,4,1.008,5.804,4.374,0.169,7.584,2.028
2994,anomalous,84,107,2,32.482,0.917,1,0.132,1.291,0.492,0.827,0.799,0.11
2996,organic,22,79,2,15.566,0.918,7,1.129,4.735,5.423,0.395,4.474,3.714
2996,anomalous,165,37,1,12.769,0.825,1,0.364,3.513,0.513,0.829,0.485,0.714
2999,organic,112,37,4,3.311,0.343,11,2.339,7.182,2.197,0.143,12.602,0.964
3004,organic,11,30,1,16.137,0.719,8,1.877,4.326,5.569,0.144,7.62,2.33
3006,organic,3,35,2,7.802,0.801,2,0.534,6.661,8.243,0.306,3.704,3.824
3007,anomalous,162,46,2,11.242,0.66,7,1.393,3.613,0.593,0.384,3.583,1.44
3008,organic,125,17,2,6.933,0.675,16,3.995,8.601,5.62,0.193,5.332,0.955
3009,organic,35,40,5,7.931,0.645,13,2.329,12.952,5.703,0.071,6.824,2.257
3010,anomalous,129,73,2,15.153,0.902,5,0.63,4.335,0.399,0.799,0.05,0.095
3011,organic,91,153,5,9.028,0.575,14,1.989,8.654,2.754,0.121,11.369,2.484
3013,organic,26,14,2,7.455,0.519,4,1.291,6.272,3.683,0.026,5.883,4.77
3015,organic,73,33,3,10.077,0.889,6,1.257,3.27,7.613,0.35,2.007,3.158
3017,organic,11,15,1,8.929,0.682,9,2.093,7.15,7.281,0.137,9.113,2.792
3017,anomalous,26,30,2,12.221,0.87,6,1.5,3.961,1.056,0.46,3.883,0.849
3018,organic,31,23,1,9.83,0.741,8,1.467,7.573,7.074,0.169,8.962,3.606
3021,organic,78,40,1,14.427,0.726,7,1.235,5.763,7.465,0.35,5.611,3.56
3024,organic,61,22,3,5.232,0.596,6,1.376,7.465,4.621,0.122,13.826,3.726
3025,organic,29,45,3,7.628,0.5,8,1.927,9.842,6.738,0.32,11.368,5.032
3028,organic,36,71,2,18.753,0.774,2,0.292,4.111,0.79,0.431,2.086,0.02
3029,anomalous,46,25,1,16.522,0.673,3,0.756,3.387,2.189,0.594,2.792,1.079
3030,anomalous,47,24,1,20.644,0.936,3,0.674,3.872,1.08,0.549,0.781,0.639
3034,organic,45,37,2,9.379,0.833,9,2.172,9.068,3.727,0.255,8.373,3.975
3035,organic,159,65,3,7.782,0.644,4,1.089,4.42,5.382,0.177,10.956,2.581
3036,anomalous,47,30,1,17.43,0.787,1,0.186,2.263,0.811,1.0,0.05,0.06
3037,organic,100,33,2,7.793,0.491,5,1.691,9.541,5.248,0.27,7.351,0.842
3038,organic,38,22,5,4.717,0.422,8,2.457,6.403,2.445,0.119,9.781,3.082
3048,organic,6,90,3,12.595,0.809,7,1.346,12.59,7.29,0.092,7.855,3.079
3051,organic,16,19,4,4.697,0.676,6,1.755,7.273,4.482,0.093,12.11,3.835
3051,anomalous,100,62,2,21.711,0.888,4,0.612,1.913,1.666,0.797,0.662,0.504
3055,anomalous,93,186,2,30.661,0.885,3,0.244,0.6,0.819,1.0,1.074,0.121
3058,anomalous,61,65,3,10.705,0.741,5,0.906,1.097,0.314,0.538,2.624,0.821
3061,organic,132,53,2,7.641,0.741,10,1.493,1.899,8.121,0.184,6.234,3.595
3062,organic,52,62,4,7.681,0.631,3,0.654,5.435,8.463,0.258,6.284,3.523
3062,anomalous,98,44,3,6.253,0.532,6,1.253,5.536,3.985,0.622,4.056,0.789
3065,organic,126,39,6,3.903,0.361,10,1.919,8.871,8.588,0.065,9.672,3.21
3066,organic,80,97,4,10.071,0.617,18,3.207,11.314,6.27,0.219,9.815,1.036
3069,organic,60,86,4,8.789,0.662,9,1.44,6.293,4.434,0.189,12.682,4.912
3071,anomalous,125,15,1,8.043,0.846,1,0.522,4.807,0.636,0.541,1.842,0.02
3073,organic,162,40,2,11.976,0.687,7,1.744,6.536,3.526,0.254,3.707,1.953
3074,organic,138,35,3,11.829,0.871,15,2.723,9.689,3.598,0.143,8.78,3.583
3075,organic,108,91,4,6.637,0.75,5,1.039,11.39,6.081,0.179,13.005,3.505
3077,organic,96,70,4,8.382,0.389,11,2.188,13.418,5.92,0.105,10.516,2.632
3078,organic,150,50,5,5.957,0.524,8,1.492,6.03,4.549,0.056,9.678,3.263
3080,organic,92,70,5,9.703,0.562,7,1.121,8.445,5.399,0.173,7.422,1.527
3087,organic,41,126,3,14.011,0.608,12,1.936,6.752,7.897,0.101,10.326,1.85
3090,organic,74,57,3,8.077,0.737,7,1.476,8.067,3.087,0.391,7.265,2.84
3090,anomalous,62,70,2,13.993,0.75,6,1.1,5.876,0.926,0.616,0.965,1.324
3091,anomalous,105,29,2,6.995,0.776,7,1.319,5.529,2.556,0.809,3.864,0.173
3093,anomalous,65,40,2,12.932,0.649,5,1.126,3.295,1.416,0.258,4.4,2.103
3094,organic,127,57,2,14.473,0.871,8,1.414,5.631,3.638,0.149,5.906,3.301
3097,organic,73,28,3,7.789,0.573,13,2.623,9.761,4.237,0.186,6.25,3.395
3098,organic,81,21,2,5.733,0.616,11,3.353,13.852,8.118,0.342,6.794,2.539
3099,organic,67,40,2,12.38,0.62,16,3.353,12.262,4.11,0.0,4.285,2.899
3100,organic,10,14,2,6.073,0.556,15,3.724,10.194,5.296,0.198,7.327,2.501
3104,organic,158,16,2,10.797,0.746,5,1.545,6.917,6.803,0.237,5.251,4.312
3107,organic,169,34,2,9.093,0.558,5,1.214,16.338,5.253,0.029,8.33,3.262
3108,organic,49,92,2,11.694,0.823,3,0.576,5.103,2.614,0.336,2.624,1.591
3109,organic,93,40,6,6.036,0.561,10,2.523,8.131,6.834,0.054,8.466,2.877
3110,organic,81,22,1,13.517,0.829,5,1.309,4.181,2.522,0.358,6.198,2.04
3112,organic,155,93,4,9.401,0.443,17,2.475,11.119,5.172,0.21,8.351,3.141
3113,anomalous,43,38,2,13.345,0.888,3,0.836,2.966,1.975,0.498,4.384,0.794
3114,anomalous,141,64,2,20.975,0.846,1,0.518,1.4,1.39,0.719,0.89,0.398
3115,organic,5,10,2,8.368,0.621,8,2.657,12.228,8.203,0.237,14.562,4.333
3115,anomalous,66,13,1,8.034,0.688,3,0.506,6.881,1.838,0.462,0.714,1.613
3116,anomalous,81,23,1,16.506,0.8,1,0.22,2.401,1.022,0.697,0.767,0.248
3117,organic,120,24,1,13.268,0.702,13,2.719,9.977,3.807,0.035,2.157,4.011
3118,organic,157,9,1,10.932,0.736,4,1.106,8.685,7.796,0.088,9.112,3.291
3119,anomalous,75,21,1,17.783,0.709,4,0.693,1.065,1.365,0.917,0.865,1.686
3120,organic,16,8,1,5.493,0.66,2,0.878,9.149,5.372,0.153,4.534,3.615
3121,organic,108,37,2,7.125,0.443,15,2.636,11.619,8.4,0.135,12.351,2.52
3124,organic,6,46,3,11.982,0.748,5,1.086,6.619,8.088,0.346,2.901,3.601
3125,organic,165,31,3,3.796,0.458,14,2.859,7.975,8.785,0.076,5.014,4.857
3126,organic,40,25,2,11.398,0.798,7,1.738,8.436,7.205,0.117,12.26,4.096
3127,organic,3,16,2,4.901,0.765,8,1.801,7.711,5.01,0.236,11.749,3.071
3128,organic,77,38,3,11.928,0.778,7,1.077,7.979,2.638,0.241,6.153,2.016
3129,anomalous,155,31,2,7.391,0.649,9,1.575,4.036,2.812,0.267,2.68,1.538
3131,organic,50,30,4,5.57,0.791,3,0.832,8.443,7.26,0.01,6.057,3.865
3134,organic,151,49,2,12.236,0.713,10,2.077,5.575,3.201,0.157,6.307,4.724
3136,organic,84,24,1,13.163,0.782,14,3.466,11.652,5.999,0.114,10.697,2.019
3138,anomalous,96,48,1,17.41,0.764,5,1.132,2.715,1.432,0.564,4.164,0.837
3140,organic,31,59,2,13.692,0.595,13,2.455,6.867,3.717,0.179,3.739,1.018
3144,organic,120,33,2,5.949,0.306,14,3.076,4.447,7.659,0.049,9.728,3.519
3146,organic,41,54,4,9.636,0.467,17,2.9,13.263,5.345,0.133,5.755,4.025
3147,anomalous,162,41,2,14.367,0.931,2,0.541,5.102,6.268,0.386,8.64,1.868
3152,anomalous,43,119,2,12.113,0.703,6,0.774,5.432,1.437,0.549,1.547,1.067
3153,anomalous,67,41,1,19.957,0.932,4,0.532,5.964,1.126,0.685,2.856,0.02
3156,organic,146,95,3,11.249,0.862,5,0.955,6.609,7.88,0.314,2.976,3.26
3157,organic,125,63,2,17.192,0.892,4,0.789,4.904,2.506,0.227,4.155,4.487
3158,anomalous,78,11,1,8.56,0.806,6,1.976,4.883,7.934,0.21,5.228,1.429
3158,anomalous,56,60,2,12.986,0.835,4,0.176,2.673,1.52,0.448,0.52,0.02
3159,organic,85,27,1,13.36,0.872,6,1.516,3.44,4.203,0.368,4.073,2.706
3160,anomalous,26,94,2,25.853,0.933,2,0.164,0.05,0.262,0.902,1.762,0.041
3161,organic,65,78,2,13.881,0.804,7,1.119,1.899,5.987,0.38,4.126,2.815
3162,organic,56,21,2,4.004,0.557,3,0.848,7.52,2.971,0.074,5.314,1.168
3164,organic,30,33,2,10.668,0.781,8,1.617,10.537,3.198,0.188,11.348,2.967
3166,organic,34,28,3,9.723,0.779,5,1.142,6.21,3.707,0.009,12.927,2.398
3170,organic,54,73,3,13.334,0.895,10,1.86,5.398,7.756,0.049,8.93,3.948
3171,organic,130,21,5,9.254,0.361,5,1.212,8.558,3.083,0.075,10.076,4.689
3173,organic,105,29,2,11.814,0.739,5,1.393,4.429,8.487,0.341,8.694,1.04
3174,organic,121,25,2,10.621,0.84,7,1.762,2.705,7.418,0.21,4.54,1.713
3178,anomalous,54,79,4,11.614,0.688,5,0.469,6.357,4.174,0.304,6.172,2.332
3179,anomalous,42,86,2,17.537,0.885,3,0.143,5.774,1.783,0.614,0.471,0.315
3181,anomalous,152,34,2,9.258,0.874,5,1.23,3.847,1.43,0.501,3.938,0.949
3182,organic,158,42,2,11.635,0.365,13,3.129,8.671,6.531,0.327,10.511,1.578
3182,anomalous,73,117,2,23.087,0.699,5,0.544,0.534,1.215,0.882,1.873,0.446
3183,organic,24,113,3,14.223,0.711,15,2.321,5.277,8.338,0.209,7.934,1.889
3186,organic,100,41,3,11.647,0.575,7,1.126,11.192,4.526,0.266,4.995,3.085
3189,organic,5,14,1,7.393,0.627,4,1.2,4.43,4.665,0.094,5.034,4.644
3192,anomalous,132,75,2,19.398,0.719,2,0.548,5.304,2.636,0.751,3.701,0.681
3194,organic,47,40,2,9.746,0.693,8,2.006,10.063,2.648,0.218,11.21,3.922
3195,anomalous,6,45,2,15.884,0.84,4,0.64,2.456,0.14,0.756,1.622,0.02
3197,organic,13,29,2,10.566,0.729,8,2.082,4.686,4.426,0.369,8.513,3.989
3197,anomalous,49,28,2,12.034,0.949,2,0.65,2.65,0.893,0.793,1.325,0.411
3198,organic,35,5,2,7.913,0.474,7,2.48,10.124,3.305,0.0,12.723,4.473
3199,organic,149,54,3,8.546,0.7,10,1.49,4.422,7.47,0.341,8.166,1.847
3199,anomalous,69,22,1,7.979,0.946,5,1.293,2.358,1.71,0.562,1.135,0.724
3200,organic,104,65,2,15.486,0.798,7,1.449,6.136,5.308,0.297,2.63,2.231
3201,organic,73,34,1,12.111,0.555,6,1.204,7.449,5.907,0.216,8.796,2.285
3202,organic,124,8,1,10.159,0.552,11,3.398,9.136,4.113,0.202,11.409,4.578
3204,organic,86,12,1,6.698,0.539,8,1.808,6.342,5.499,0.131,11.495,4.146
3205,organic,113,108,3,17.158,0.934,6,0.925,6.402,7.306,0.301,6.585,2.121
3206,organic,63,20,3,4.663,0.724,5,1.507,7.179,5.887,0.041,6.081,3.884
3207,anomalous,67,42,1,25.029,0.821,1,0.332,2.297,0.868,0.902,0.46,0.515
3210,organic,99,60,2,11.235,0.697,4,0.525,2.461,7.352,0.0,10.061,4.358
3210,anomalous,55,61,2,10.291,0.928,6,0.668,5.427,1.821,0.314,1.423,1.339
3211,organic,114,11,2,4.055,0.746,11,3.177,18.806,8.313,0.011,12.06,4.039
3212,organic,163,41,3,11.901,0.688,9,1.525,5.94,3.545,0.245,4.965,2.774
3215,organic,137,9,3,2.251,0.387,4,1.31,10.896,8.235,0.0,13.304,3.618
3215,anomalous,121,39,2,11.665,0.846,7,1.175,7.462,3.549,0.381,4.742,2.198
3216,anomalous,71,21,1,17.296,0.719,3,0.951,5.059,0.634,0.893,4.1,0.19
3217,organic,86,48,3,8.41,0.476,17,3.27,14.692,3.268,0.055,8.478,2.667
3218,anomalous,168,28,2,9.395,0.888,1,0.439,4.419,0.05,0.474,1.273,1.077
3220,organic,100,85,3,14.559,0.801,7,1.42,7.005,4.659,0.199,8.097,2.794
3221,organic,81,31,2,9.81,0.891,8,1.732,10.133,3.459,0.121,9.477,3.185
3223,anomalous,153,69,2,9.432,0.618,8,1.233,1.576,2.898,0.382,6.085,1.418
3224,organic,126,42,2,8.855,0.354,10,1.837,9.39,7.389,0.061,9.378,3.278
3226,organic,3,32,2,14.347,0.737,5,0.942,4.643,6.573,0.267,3.357,3.101
3228,anomalous,111,24,4,4.244,0.332,13,2.706,10.037,7.687,0.013,11.433,3.354
3229,anomalous,28,33,2,15.276,0.827,8,1.669,3.113,3.892,0.258,6.906,2.023
3235,organic,80,15,3,4.954,0.577,7,1.745,9.156,8.122,0.081,10.326,3.108
3235,anomalous,124,62,2,14.079,0.983,2,0.499,4.799,0.482,0.609,2.938,0.599
3237,anomalous,151,74,2,28.596,1.0,3,0.357,4.819,0.953,0.768,2.913,0.58
3238,organic,37,58,4,6.752,0.754,6,0.914,7.947,3.876,0.145,8.445,2.855
3239,organic,49,23,3,4.302,0.649,5,1.293,12.806,7.559,0.078,13.741,2.466
3242,organic,150,27,2,5.775,0.279,8,1.562,6.505,4.636,0.0,12.377,3.842
3247,anomalous,15,40,3,9.728,0.716,5,0.522,6.099,1.787,0.416,3.081,2.714
3249,organic,110,36,5,4.183,0.324,8,1.696,11.531,2.529,0.093,6.519,3.401
3249,anomalous,71,40,2,12.207,0.646,4,0.825,7.869,2.076,0.464,5.387,2.802
3251,organic,26,54,3,7.323,0.771,7,1.293,10.772,8.647,0.038,12.947,2.57
3251,anomalous,35,55,4,6.68,0.634,6,0.877,3.966,1.599,0.347,5.883,1.575
3253,anomalous,122,22,2,4.828,0.731,7,1.443,6.753,4.08,0.346,3.426,0.889
3254,organic,20,19,2,5.292,0.599,9,2.071,8.394,6.172,0.12,11.847,3.478
3254,anomalous,90,65,3,8.416,0.541,3,0.68,4.529,3.806,0.439,4.274,1.115
3255,organic,30,42,3,6.536,0.564,9,1.985,17.15,8.115,0.006,10.696,4.884
3257,organic,113,32,6,3.554,0.621,4,0.77,13.074,2.791,0.056,4.773,3.652
3259,organic,21,36,2,7.084,0.873,6,1.241,5.674,2.762,0.095,3.132,4.488
3260,organic,32,17,1,7.871,0.903,6,1.378,8.696,3.724,0.255,7.09,3.199
3260,anomalous,112,111,2,28.492,0.923,1,0.145,1.552,0.05,0.831,0.163,0.02
3263,organic,95,24,1,12.373,0.689,10,2.489,6.543,6.669,0.33,9.303,2.295
3264,organic,77,34,2,8.014,0.637,18,3.561,4.448,7.491,0.137,6.994,3.768
3266,organic,84,48,3,8.855,0.696,14,2.145,6.333,7.111,0.288,10.266,3.533
3267,organic,66,23,6,2.944,0.537,9,3.074,10.789,6.46,0.125,12.329,2.272
3269,organic,32,16,3,9.476,0.531,19,4.325,12.061,6.684,0.228,5.895,4.334
3270,organic,162,31,5,3.422,0.472,9,1.954,7.079,7.641,0.111,6.348,3.429
3272,organic,7,14,1,7.904,0.758,4,1.493,4.296,8.399,0.222,7.132,3.851
3272,anomalous,129,19,1,14.521,0.776,4,1.249,2.179,0.954,0.655,2.822,0.776
3279,organic,57,34,3,5.281,0.367,5,0.948,10.67,3.399,0.027,8.343,4.755
3283,organic,56,19,1,8.831,0.707,8,1.94,5.941,7.706,0.27,3.51,2.629
3287,organic,8,10,1,8.145,0.817,7,2.016,11.367,6.887,0.133,6.599,3.191
3289,organic,100,21,1,13.65,0.687,11,2.625,6.514,6.8,0.222,7.866,1.578
3291,organic,84,35,1,23.307,0.723,4,1.037,3.762,0.5,0.371,2.889,1.443
3292,organic,94,26,2,6.628,0.731,5,0.883,4.952,6.839,0.255,11.253,5.028
3293,organic,167,16,1,14.559,0.687,2,0.72,4.055,5.539,0.185,8.193,2.269
3295,organic,65,19,1,12.547,0.877,6,1.568,5.99,8.003,0.104,10.22,1.379
3296,organic,75,34,2,14.751,0.626,6,1.927,5.973,6.035,0.091,9.64,2.63
3299,organic,42,22,1,11.785,0.581,9,2.077,8.228,3.833,0.081,6.913,4.163
3299,anomalous,65,65,4,7.518,0.653,5,0.81,7.64,1.199,0.421,2.609,1.849
3300,organic,113,9,3,2.489,0.367,5,2.277,6.937,3.051,0.086,9.65,1.277
3302,organic,140,35,2,9.817,0.634,7,2.015,4.468,5.123,0.113,6.996,3.146
3304,organic,85,17,1,8.905,0.633,11,2.421,8.775,3.504,0.183,9.787,1.622
3305,anomalous,60,85,1,36.741,0.921,3,0.493,2.402,0.05,0.897,0.465,0.489
3308,organic,86,50,2,10.342,0.751,8,1.911,6.861,7.36,0.095,7.71,1.153
3313,organic,123,47,6,5.336,0.53,8,1.952,8.245,7.064,0.075,8.718,2.333
3316,organic,70,25,3,7.534,0.87,12,2.961,10.273,6.367,0.136,7.216,2.305
3318,organic,131,30,1,11.393,0.565,8,1.829,9.717,7.837,0.06,12.115,2.852
3320,anomalous,23,44,1,19.038,0.694,3,0.839,6.462,2.179,0.459,2.98,0.096
3322,organic,22,45,4,5.298,0.298,8,2.298,6.741,6.799,0.059,6.299,2.239
3322,anomalous,125,31,1,12.997,0.789,7,1.235,3.099,1.866,0.515,4.168,0.959
3325,anomalous,52,32,2,10.778,0.672,7,1.373,2.551,0.826,0.513,2.97,1.206
3328,organic,8,36,5,3.665,0.392,7,1.05,7.669,5.727,0.111,7.107,3.944
3329,anomalous,87,100,2,31.144,0.896,1,0.168,1.91,1.627,0.839,1.139,0.521
3331,organic,112,15,2,7.45,0.649,15,3.698,9.085,2.734,0.211,9.42,1.321
3333,organic,153,46,2,12.996,0.711,9,1.64,2.917,7.474,0.157,4.891,2.011
3334,organic,155,87,3,17.572,0.731,3,0.473,7.412,5.324,0.201,5.216,4.944
3337,organic,142,34,1,11.638,0.815,8,1.398,3.811,6.676,0.353,6.317,3.918
3340,organic,68,47,6,4.526,0.347,6,1.355,7.96,7.074,0.042,8.852,2.541
3342,organic,76,42,4,5.59,0.474,10,1.797,6.043,3.527,0.246,5.302,3.235
3345,organic,152,21,4,2.482,0.388,13,2.942,10.143,5.877,0.0,14.71,4.101
3350,organic,136,26,1,11.353,0.684,5,1.152,8.23,4.265,0.0,5.041,2.431
3351,organic,61,21,2,7.414,0.597,13,2.707,11.477,5.842,0.0,6.551,2.331
3352,anomalous,94,23,2,3.469,0.515,10,3.101,9.009,7.729,0.258,8.212,4.256
3352,anomalous,105,54,2,13.671,0.692,1,0.331,2.335,1.08,0.795,1.319,0.563
3355,organic,107,70,6,5.252,0.333,6,1.072,16.184,6.696,0.075,15.029,1.641
3356,organic,68,13,2,5.158,0.62,8,1.915,9.005,2.971,0.139,9.827,1.981
3357,organic,6,20,1,10.573,0.544,4,1.0,4.943,3.858,0.0,7.664,2.043
3360,anomalous,64,36,2,11.535,0.827,1,0.215,2.655,1.114,0.892,1.089,0.266
3361,anomalous,142,32,1,16.191,0.737,5,0.558,6.067,1.74,0.409,1.873,0.5
3365,organic,162,63,3,7.85,0.598,17,2.831,16.26,3.753,0.158,6.145,3.901
3367,anomalous,61,31,2,8.468,0.771,3,0.833,5.683,2.521,0.598,4.417,1.051
3371,organic,129,27,2,7.447,0.764,6,1.252,6.26,8.314,0.18,3.846,1.378
3371,anomalous,77,166,2,29.247,0.816,2,0.374,0.359,1.037,0.991,0.29,0.612
3372,organic,34,55,3,14.94,0.727,6,1.034,5.06,6.245,0.313,6.289,2.1
3373,organic,70,17,2,5.631,0.573,6,2.069,12.152,7.052,0.105,7.06,1.54
3373,organic,142,33,1,13.909,0.714,6,0.625,2.842,0.768,0.629,0.442,0.483
3374,organic,150,35,3,5.386,0.448,6,1.332,10.439,7.506,0.118,10.792,4.937
3380,organic,13,23,1,9.007,0.915,6,1.374,4.265,4.974,0.121,5.092,2.732
3382,anomalous,54,11,1,11.311,0.889,3,0.93,0.05,0.055,0.846,2.171,0.204
3383,organic,92,45,6,3.438,0.352,11,2.075,6.296,7.397,0.275,5.751,4.94
3387,organic,59,18,3,4.81,0.316,13,3.354,16.266,3.227,0.077,5.056,4.313
3388,organic,41,19,1,10.71,0.682,4,0.985,4.481,8.614,0.095,4.264,1.969
3388,anomalous,54,135,2,23.946,0.712,3,0.288,2.597,1.987,0.737,4.169,0.379
3389,organic,68,30,4,6.821,0.731,15,2.988,7.356,4.124,0.026,8.274,4.796
3394,anomalous,52,57,1,24.279,0.858,5,0.754,0.755,0.784,0.846,1.166,0.483
3396,anomalous,38,48,4,6.452,0.612,7,1.326,1.925,2.596,0.43,5.104,2.536
3398,anomalous,110,57,3,8.021,0.725,8,1.154,4.024,0.131,0.746,2.544,1.252
3400,organic,58,12,3,5.599,0.381,8,2.459,8.835,5.957,0.225,12.15,3.528
3404,organic,52,58,4,9.023,0.679,9,1.53,15.191,7.145,0.114,10.825,2.975
3405,organic,74,24,3,4.041,0.652,10,2.056,10.905,5.212,0.021,7.842,3.311
3407,organic,65,15,2,4.021,0.593,10,3.067,15.218,2.701,0.03,11.971,1.061
3409,organic,14,21,3,9.844,0.597,5,1.448,13.043,5.281,0.087,6.672,5.008
3409,anomalous,35,28,2,12.004,0.891,4,0.792,4.018,0.561,0.69,2.527,0.079
3410,organic,51,28,4,7.776,0.577,6,1.352,8.35,4.529,0.296,7.735,1.987
3411,anomalous,20,107,3,16.928,0.682,7,1.074,2.681,0.72,0.384,2.336,0.311
3416,anomalous,53,122,2,14.297,0.765,4,0.568,4.453,0.98,0.677,3.842,0.338
3419,anomalous,166,16,2,5.897,0.65,4,1.027,10.354,4.83,0.13,4.938,3.391
3420,organic,29,24,2,9.492,0.81,12,2.721,5.122,8.353,0.124,4.818,2.885
3421,organic,44,84,6,4.87,0.169,12,1.962,14.548,6.4,0.143,15.653,1.637
3421,anomalous,161,60,1,18.418,0.838,3,0.746,1.578,0.659,0.763,2.093,0.02
3424,organic,40,30,1,14.073,0.766,5,1.109,8.82,6.672,0.23,3.568,2.821
3425,anomalous,30,35,1,17.519,0.719,5,0.881,6.7,2.711,0.653,3.325,0.81
3426,organic,105,41,2,10.207,0.585,12,2.185,12.622,5.485,0.147,9.606,2.078
3427,anomalous,163,72,2,20.177,0.927,3,0.581,1.286,1.734,0.652,1.509,0.513
3429,organic,63,21,3,7.371,0.558,17,3.66,4.248,2.891,0.183,4.488,2.254
3430,organic,1,19,3,5.393,0.468,11,3.033,6.962,3.221,0.012,5.819,4.351
3432,organic,58,86,6,4.401,0.254,11,1.764,11.42,2.576,0.017,11.424,4.23
3434,anomalous,163,59,3,8.602,0.767,3,0.551,4.757,0.695,0.355,3.128,1.103
3435,organic,41,41,4,9.551,0.582,9,2.572,8.663,3.253,0.134,5.963,2.126
3435,anomalous,137,28,1,26.042,0.853,1,0.195,1.755,0.815,0.753,0.414,0.037
3439,organic,123,15,2,5.582,0.76,7,1.699,4.595,6.43,0.286,5.963,1.72
3440,anomalous,31,12,1,7.008,0.894,6,0.701,6.743,1.338,0.47,1.301,1.005
3444,organic,38,13,2,4.733,0.653,1,0.696,8.046,6.745,0.22,10.917,2.037
3446,organic,110,17,1,12.098,0.424,6,1.486,4.307,2.628,0.211,8.934,3.206
3449,organic,7,29,1,12.957,0.774,16,3.202,5.715,4.152,0.113,3.694,1.991
3449,anomalous,136,26,3,5.645,0.585,10,1.642,2.196,1.34,0.364,2.616,1.021
3450,organic,117,70,6,4.051,0.284,5,0.918,11.752,3.231,0.039,9.936,1.946
3452,organic,24,36,2,9.605,0.467,8,1.422,8.707,5.979,0.133,12.575,1.947
3455,organic,138,32,5,5.665,0.339,15,2.755,12.026,7.392,0.099,14.784,1.046
3456,organic,152,82,3,13.827,0.654,8,1.357,5.91,5.362,0.158,4.08,2.924
3457,anomalous,120,53,3,12.041,0.578,9,1.514,3.069,1.094,0.205,4.446,2.846
3462,organic,148,33,1,11.178,0.715,6,1.421,6.086,7.575,0.119,4.972,4.449
3464,organic,152,52,2,13.583,0.61,6,1.091,5.03,3.138,0.244,3.493,2.141
3465,anomalous,127,47,2,9.847,0.56,11,2.65,5.373,3.461,0.118,9.075,1.168
3467,organic,137,84,3,13.184,0.701,5,0.705,3.874,6.462,0.194,4.032,1.496
3468,organic,141,26,1,15.094,0.659,9,2.178,5.419,4.607,0.105,9.399,3.457
3468,anomalous,77,92,2,21.466,0.901,1,0.149,2.178,1.146,0.954,1.135,0.02
3470,organic,147,39,3,8.018,0.725,6,1.081,5.493,2.378,0.186,6.801,3.654
3471,organic,141,49,5,6.332,0.726,12,2.307,7.376,3.658,0.145,12.795,3.047
3476,organic,44,74,3,12.093,0.758,5,0.843,6.88,4.109,0.105,6.688,2.155
3477,organic,53,17,4,3.532,0.58,8,1.656,8.072,2.79,0.0,7.684,4.36
3480,organic,2,11,2,2.909,0.389,7,2.134,9.611,3.54,0.02,6.827,3.869
3482,organic,59,23,2,5.914,0.425,17,3.653,10.713,4.83,0.111,7.044,2.066
3485,organic,73,28,1,12.178,0.719,5,1.024,7.764,5.586,0.231,2.084,2.759
3486,anomalous,96,38,4,8.809,0.737,2,0.532,3.241,1.469,0.39,3.946,2.223
3489,anomalous,116,15,2,9.066,0.67,14,3.938,9.948,7.236,0.051,4.646,2.752
3492,anomalous,101,48,2,8.042,0.603,5,0.836,5.985,2.249,0.716,1.889,0.876
3494,anomalous,161,28,2,10.758,0.741,5,1.082,7.147,1.384,0.456,1.103,1.491
3495,organic,11,22,3,4.477,0.633,15,3.426,10.701,4.419,0.303,5.228,2.959
3497,organic,1,19,1,12.608,0.588,4,1.241,3.606,4.563,0.092,3.822,1.937
3497,anomalous,158,51,3,8.575,0.79,5,1.06,5.701,1.517,0.527,4.609,1.579
3498,organic,133,22,1,10.537,0.816,6,1.322,3.226,4.844,0.313,5.94,4.69
3499,organic,28,8,1,8.393,0.69,9,3.237,9.295,7.562,0.007,6.963,1.184
3499,anomalous,77,33,1,21.065,0.742,2,0.426,0.05,1.152,0.743,1.133,0.444
3500,organic,118,73,3,12.566,0.703,12,1.788,5.256,4.696,0.016,10.103,3.305
3501,anomalous,28,34,1,16.736,0.761,2,0.334,2.059,0.435,0.893,0.589,0.139
3502,anomalous,60,57,4,7.662,0.867,6,0.876,6.653,1.08,0.457,3.207,1.282
3506,organic,129,28,2,12.545,0.828,9,1.662,6.736,6.463,0.273,6.05,1.808
3507,organic,47,13,2,4.886,0.445,12,2.664,11.22,8.416,0.0,13.301,2.676
3510,anomalous,56,37,2,8.264,0.669,8,1.284,3.718,2.783,0.324,1.204,0.742
3513,organic,118,15,2,2.851,0.654,3,1.056,6.177,5.31,0.0,12.972,4.618
3514,organic,120,46,2,11.421,0.594,10,1.809,9.683,3.086,0.175,10.297,1.342
3515,organic,55,19,1,11.367,0.595,10,2.691,8.769,7.469,0.087,4.449,2.011
3515,anomalous,31,58,1,27.252,0.944,2,0.356,2.939,1.008,0.633,1.253,0.579
3516,organic,46,30,6,2.558,0.281,7,1.708,8.104,6.264,0.0,7.473,3.577
3519,anomalous,109,68,4,6.208,0.386,14,2.427,12.36,8.321,0.14,11.262,1.378
3520,organic,112,34,3,6.643,0.597,11,2.312,7.416,7.269,0.057,8.757,1.377
3523,organic,147,38,6,5.437,0.491,9,1.713,12.706,7.525,0.016,7.671,1.614
3528,anomalous,16,58,2,30.917,0.763,2,0.486,2.578,0.405,0.776,0.95,0.468
3532,organic,17,37,4,2.752,0.455,13,2.711,5.871,6.383,0.162,7.169,4.153
3539,anomalous,38,81,4,10.144,0.739,9,1.527,4.698,3.237,0.323,6.442,2.48
3540,anomalous,45,34,1,27.09,0.831,2,0.404,2.756,1.146,0.853,2.645,0.498
3542,anomalous,9,26,4,6.553,0.514,10,2.291,5.991,3.362,0.204,5.584,4.439
3542,anomalous,125,63,4,9.638,0.787,6,1.084,4.254,2.878,0.317,6.585,2.514
3543,organic,72,10,1,10.699,0.46,3,0.909,6.118,5.871,0.157,12.061,3.373
3544,anomalous,14,47,1,24.57,0.83,2,0.51,3.312,0.737,0.91,2.842,0.387
3546,organic,120,86,5,9.061,0.682,11,1.988,10.858,5.595,0.335,5.318,1.381
3547,organic,60,19,1,7.692,0.448,2,0.756,10.302,3.511,0.073,4.486,2.957
3548,anomalous,65,26,1,9.885,0.794,3,0.624,4.869,1.291,0.823,5.456,0.606
3550,anomalous,130,58,2,13.96,0.83,1,0.324,1.41,0.434,0.647,1.705,0.511
3551,organic,129,35,3,11.54,0.715,11,2.462,7.451,4.442,0.25,11.878,1.296
3552,anomalous,105,63,2,7.877,0.826,5,1.049,3.17,3.319,0.308,1.891,1.95
3556,anomalous,97,64,3,13.661,0.683,3,0.439,2.695,2.003,0.585,4.134,0.696
3559,organic,60,60,3,9.983,0.588,7,1.388,4.147,4.68,0.043,9.04,2.447
3560,organic,60,19,5,2.812,0.666,3,0.972,6.622,6.665,0.03,5.961,4.469
3560,anomalous,24,74,2,28.521,0.99,2,0.288,2.142,1.043,0.962,1.284,0.428
3561,organic,26,8,2,4.779,0.287,13,3.269,14.925,3.174,0.05,12.713,4.389
3562,anomalous,159,36,1,13.873,0.611,3,0.596,2.149,0.767,0.769,2.955,0.88
3563,organic,51,15,1,7.607,0.71,9,2.582,10.032,6.957,0.158,8.895,3.905
3567,organic,17,17,2,4.236,0.512,14,3.378,7.361,3.615,0.101,8.463,1.009
3567,anomalous,103,29,2,14.2,0.806,4,1.243,3.983,1.192,0.489,2.787,1.218
3569,organic,109,50,2,12.654,0.44,5,1.173,6.597,6.128,0.281,8.18,2.048
3573,organic,134,63,3,17.197,0.775,8,1.344,4.702,2.951,0.401,4.441,3.072
3575,organic,13,70,2,13.621,0.572,7,1.147,3.638,5.546,0.234,4.035,3.549
3576,anomalous,86,31,1,15.734,0.765,5,1.287,4.961,2.102,0.778,1.639,0.02
3578,anomalous,47,44,3,10.662,0.845,8,1.595,7.639,6.818,0.202,10.076,3.404
3583,organic,68,22,3,2.767,0.543,9,2.574,6.849,6.19,0.173,8.467,4.885
3584,organic,92,28,3,5.948,0.598,15,2.768,19.102,3.689,0.034,10.357,4.356
3586,organic,132,45,2,10.793,0.557,6,1.336,7.564,6.154,0.278,12.069,2.522
3588,organic,168,25,3,9.658,0.699,2,0.819,5.368,4.043,0.309,6.17,1.639
3591,anomalous,72,57,2,18.695,0.871,6,0.951,7.32,1.987,0.451,2.654,1.173
3592,organic,103,29,4,4.054,0.696,15,2.99,17.287,3.145,0.129,13.382,1.793
3594,anomalous,62,42,3,11.833,0.798,3,0.5,2.731,3.183,0.341,8.718,1.23
3595,organic,60,52,5,4.5,0.393,3,0.757,3.075,6.59,0.016,5.756,2.504
3596,organic,149,32,3,6.24,0.608,8,1.608,10.547,4.752,0.008,11.055,5.112
3597,organic,25,29,6,2.853,0.538,4,1.051,7.204,7.897,0.023,10.729,1.803
3598,organic,130,27,3,8.813,0.86,5,0.959,10.207,5.399,0.357,7.326,4.16
3600,organic,36,9,2,3.668,0.275,14,3.964,11.242,7.086,0.058,7.672,0.9
3601,organic,49,51,2,16.081,0.938,6,1.399,3.517,4.428,0.258,5.807,4.137
3602,organic,162,17,1,8.025,0.699,3,0.975,4.92,2.903,0.192,4.67,4.032
3605,organic,159,36,5,3.13,0.382,14,2.537,13.418,3.419,0.033,6.847,3.752
3606,anomalous,54,41,1,19.34,0.77,4,0.749,1.258,1.126,0.511,0.374,0.843
3607,organic,65,23,2,12.362,0.459,4,1.121,6.245,2.766,0.25,8.32,4.172
3608,anomalous,147,26,2,7.638,0.722,5,1.019,2.458,2.581,0.728,1.937,0.951
3611,organic,138,32,2,9.093,0.437,9,2.341,7.0,3.746,0.085,4.17,4.476
3616,organic,165,55,3,8.603,0.732,11,2.428,13.436,3.255,0.07,7.54,1.244
3619,anomalous,44,45,2,12.732,1.0,4,0.539,2.651,2.991,0.679,3.553,0.333
3620,organic,70,23,1,15.633,0.595,6,1.507,6.915,8.37,0.204,11.253,3.291
3620,anomalous,44,50,2,13.37,0.702,1,0.175,4.669,0.68,0.615,1.623,0.539
3621,organic,60,70,3,9.577,0.666,5,0.646,5.559,6.304,0.088,8.785,3.518
3622,organic,95,22,2,5.783,0.594,4,1.378,8.603,5.894,0.06,4.055,1.987
3623,organic,106,41,3,9.695,0.428,14,2.891,8.018,4.951,0.249,8.876,4.622
3625,organic,154,61,5,8.009,0.746,8,1.793,12.54,7.262,0.313,9.486,4.772
3630,anomalous,67,74,1,23.857,0.913,3,0.442,6.034,0.934,0.653,1.323,0.156
3631,organic,167,33,2,5.02,0.883,7,1.416,8.22,8.538,0.087,6.327,1.624
3634,organic,107,22,4,3.918,0.624,10,2.654,5.579,7.215,0.095,12.678,4.256
3636,organic,153,21,2,11.228,0.568,8,2.053,4.778,2.517,0.147,4.787,3.202
3639,anomalous,156,47,2,8.256,0.649,3,0.756,4.263,0.169,0.659,3.878,0.686
3642,organic,82,18,1,11.603,0.627,2,0.715,4.172,4.668,0.217,8.08,2.157
3644,organic,78,16,1,10.99,0.643,10,2.857,7.72,5.142,0.169,7.372,1.555
3646,organic,71,13,2,5.272,0.765,8,1.954,5.947,7.284,0.118,7.815,2.57
3648,organic,64,44,4,5.495,0.513,15,2.784,12.738,6.586,0.021,9.19,1.759
3648,anomalous,60,23,1,11.786,0.773,1,0.396,5.219,1.339,0.572,1.47,1.372
3649,organic,21,38,2,10.381,0.605,8,2.01,7.286,4.395,0.109,5.091,2.874
3650,organic,43,18,1,10.697,0.473,8,1.597,8.187,5.375,0.18,8.304,3.509
3654,organic,85,35,2,16.269,0.893,6,1.216,4.98,6.588,0.252,7.427,1.768
3658,anomalous,62,69,2,10.814,0.787,4,0.146,5.33,1.519,0.47,2.387,0.548
3661,organic,166,26,1,12.144,0.851,9,2.031,9.962,2.626,0.086,8.837,1.59
3663,organic,83,98,3,18.783,0.639,7,1.022,4.247,8.117,0.381,5.021,4.584
3664,organic,139,17,5,2.677,0.296,13,3.211,13.439,7.354,0.026,13.505,1.706
3664,anomalous,98,30,1,15.748,0.768,2,0.427,3.916,1.166,0.693,1.403,0.02
3665,organic,160,95,4,9.731,0.553,8,1.666,12.721,3.156,0.082,9.036,4.652
3666,organic,66,25,1,9.988,0.791,15,3.058,5.431,4.372,0.385,10.177,1.771
3667,organic,143,49,2,7.84,0.746,11,2.286,8.159,6.261,0.295,3.525,4.717
3668,organic,104,54,2,9.988,0.769,3,0.733,9.304,3.698,0.175,6.917,2.535
3668,anomalous,105,185,2,29.761,0.84,3,0.391,1.862,0.751,0.773,1.58,0.223
3669,organic,52,52,2,18.87,0.717,8,1.404,5.754,4.385,0.163,2.671,4.248
3670,organic,30,52,6,7.473,0.461,6,1.194,12.651,7.472,0.122,5.873,3.081
3674,organic,141,29,2,4.626,0.407,15,3.331,6.46,6.342,0.0,6.319,4.248
3676,anomalous,139,48,1,29.934,0.804,4,0.708,2.933,1.243,1.0,0.354,0.597
3677,organic,10,28,3,7.304,0.755,12,2.381,6.922,3.393,0.059,12.197,4.581
3681,organic,41,68,5,9.549,0.531,4,0.803,12.504,4.277,0.001,10.967,3.227
3686,anomalous,165,38,1,18.926,0.874,5,0.209,2.45,0.534,0.51,1.069,0.052
3687,organic,65,19,2,4.334,0.586,7,1.627,7.609,7.868,0.081,8.153,1.832
3687,anomalous,85,22,1,14.302,0.79,2,0.663,2.082,1.094,0.839,1.643,0.573
3688,anomalous,72,133,2,24.851,0.955,4,0.57,2.55,0.05,0.853,0.496,0.352
3689,organic,63,28,6,8.265,0.284,9,1.852,7.195,7.506,0.288,7.526,2.012
3692,organic,53,57,3,8.778,0.63,10,1.868,3.609,6.722,0.002,12.836,2.026
3694,organic,12,73,2,15.742,0.819,6,1.271,4.732,5.31,0.313,7.976,3.552
3698,organic,165,13,1,8.049,0.81,6,2.156,10.25,7.462,0.198,8.5,1.671
3698,anomalous,61,42,1,12.94,0.672,3,1.005,5.857,2.917,0.592,3.982,0.128
3700,anomalous,25,42,1,16.436,0.791,1,0.343,2.047,0.792,0.9,0.652,0.055
3704,organic,35,34,3,9.869,0.864,6,1.087,4.24,4.131,0.184,7.563,3.519
3707,anomalous,107,76,3,9.52,0.909,7,1.092,2.559,2.927,0.842,3.665,0.981
3710,organic,141,29,2,6.941,0.827,4,0.713,6.982,4.531,0.142,6.513,2.737
3711,anomalous,26,68,4,9.046,0.645,9,1.509,1.651,3.859,0.509,3.824,0.824
3713,organic,44,12,1,7.925,0.781,8,2.556,2.109,4.854,0.329,3.142,1.485
3714,organic,163,33,4,4.747,0.574,8,1.574,12.593,5.509,0.301,8.238,4.023
3715,organic,59,65,4,10.628,0.704,9,1.558,10.637,6.048,0.159,10.258,2.635
3719,organic,153,45,4,9.663,0.419,10,2.325,8.881,3.016,0.336,14.891,4.873
3721,anomalous,37,90,3,7.965,0.867,4,0.909,3.049,2.772,0.502,4.578,1.204
3722,anomalous,85,108,1,34.287,0.712,2,0.27,2.484,1.192,0.672,0.534,0.519
3725,organic,36,53,3,8.308,0.676,10,1.616,7.537,8.103,0.082,8.219,4.466
3726,organic,84,38,5,3.078,0.598,6,1.267,7.531,5.975,0.013,6.288,1.629
3729,organic,11,29,2,5.727,0.791,9,2.301,4.697,5.677,0.242,10.264,2.11
3733,organic,119,17,1,16.033,0.864,8,1.748,6.004,7.188,0.204,4.23,1.643
3738,organic,154,66,2,14.131,0.883,3,0.456,7.303,5.274,0.308,6.584,4.597
3742,organic,76,31,2,11.318,0.608,18,3.381,12.507,7.458,0.197,9.965,1.844
3744,organic,109,10,1,5.793,0.54,3,1.161,9.226,3.888,0.213,9.808,3.955
3746,organic,10,22,2,8.189,0.719,3,0.907,5.642,4.234,0.108,10.148,2.935
3748,anomalous,6,24,1,10.502,0.665,3,0.614,3.923,4.75,0.198,8.84,1.937
3750,anomalous,159,111,2,21.748,0.801,2,0.286,2.01,1.501,0.83,1.669,0.582
3751,organic,42,43,3,5.54,0.54,14,2.804,6.684,7.43,0.0,8.44,1.271
3752,organic,54,13,1,6.068,0.501,9,2.645,9.784,7.005,0.034,8.407,4.724
3753,organic,68,68,3,11.429,0.728,5,0.796,7.575,7.775,0.321,6.635,3.55
3755,anomalous,32,81,2,12.819,0.751,8,1.072,3.912,0.891,0.269,1.789,0.636
3756,organic,117,45,3,5.069,0.567,7,1.374,17.161,6.203,0.061,7.212,4.255
3758,organic,164,44,4,8.067,0.64,10,1.973,7.647,2.872,0.3,12.525,4.253
3761,organic,100,46,5,7.484,0.572,16,2.894,16.162,4.46,0.14,5.529,1.866
3762,anomalous,122,55,1,26.763,0.87,1,0.172,2.977,0.694,1.0,1.366,0.476
3764,anomalous,67,65,4,15.356,0.854,3,0.537,3.978,3.852,0.489,2.864,2.134
3766,organic,13,30,4,3.88,0.662,8,2.083,9.966,5.228,0.13,8.658,4.223
3768,organic,86,53,4,11.531,0.695,7,1.861,8.179,6.142,0.147,6.401,4.342
3769,organic,150,29,1,12.363,0.809,3,0.529,9.111,5.105,0.219,5.942,1.146
3773,organic,75,26,2,5.385,0.558,9,2.156,5.251,4.639,0.279,6.101,4.889
3774,organic,141,30,1,17.762,0.731,7,1.588,5.908,6.199,0.214,5.155,1.821
3774,anomalous,38,76,2,21.974,0.87,1,0.148,0.384,0.05,0.731,2.79,0.057
3779,organic,104,76,3,13.62,0.724,7,0.973,6.581,3.023,0.171,7.608,4.578
3782,organic,36,37,5,8.306,0.701,13,2.872,15.695,4.52,0.24,7.554,1.352
3783,organic,70,25,2,5.065,0.607,3,0.862,12.47,2.919,0.178,14.973,2.565
3788,organic,155,74,5,5.891,0.536,8,1.746,7.694,8.844,0.105,7.877,2.254
3791,anomalous,110,132,4,9.314,0.827,8,1.192,4.86,4.692,0.498,2.137,1.07
3792,organic,48,46,3,4.781,0.471,18,3.101,13.644,8.134,0.162,8.255,1.759
3798,organic,105,78,4,10.833,0.591,14,2.528,6.871,4.828,0.022,11.027,3.514
3799,organic,72,127,3,18.638,0.753,6,1.132,4.248,8.482,0.365,4.738,1.562
3801,anomalous,18,34,1,22.192,0.741,3,0.202,1.201,0.26,0.888,0.342,0.49
3804,organic,11,19,1,14.715,0.562,6,1.581,10.333,3.93,0.186,3.992,3.941
3808,organic,38,10,1,10.514,0.781,12,3.226,7.141,3.169,0.0,3.674,2.017
3809,organic,81,50,2,8.287,0.809,12,2.575,7.907,4.768,0.113,5.656,4.0
3812,anomalous,86,19,1,17.533,0.961,1,0.682,0.98,0.167,0.77,0.665,0.125
3816,organic,106,17,2,8.973,0.814,1,0.975,3.887,3.165,0.292,4.47,2.559
3818,organic,63,32,3,5.519,0.633,11,2.415,7.195,5.317,0.205,5.807,4.502
3819,organic,78,26,5,3.278,0.683,5,1.045,5.799,6.757,0.043,6.849,1.541
3820,organic,136,15,1,11.391,0.987,4,1.582,6.435,7.817,0.145,4.962,4.086
3821,organic,57,13,1,12.775,0.547,1,0.756,8.56,3.809,0.11,5.07,2.479
3821,anomalous,156,39,1,12.438,0.704,6,1.22,3.41,0.369,0.293,2.338,0.96
3822,organic,50,130,3,14.044,0.703,6,1.376,4.455,2.73,0.371,5.97,3.859
3824,organic,45,33,5,4.225,0.617,17,3.489,7.85,5.737,0.195,7.06,1.535
3826,organic,95,48,3,11.944,0.742,3,0.516,5.234,4.394,0.235,3.69,3.84
3826,anomalous,115,57,3,7.761,0.884,5,0.961,6.63,1.264,0.661,1.353,0.888
3828,organic,113,19,2,3.568,0.201,12,3.215,12.506,2.804,0.009,12.495,1.97
3829,organic,139,26,4,4.04,0.558,8,1.618,10.148,4.721,0.135,7.858,3.34
3831,organic,91,80,2,14.195,0.752,7,1.218,7.91,6.704,0.265,9.291,3.779
3833,organic,130,21,5,8.686,0.689,13,3.486,12.486,6.19,0.314,8.23,3.55
3834,organic,98,11,1,8.576,0.704,7,2.013,8.196,6.172,0.196,5.641,4.891
3835,organic,115,7,1,8.586,0.506,5,1.99,13.802,2.401,0.002,10.916,1.607
3836,organic,88,37,3,9.789,0.794,14,2.897,9.065,2.934,0.139,6.312,4.329
3838,anomalous,64,42,1,32.814,0.804,2,0.801,2.548,0.896,1.0,1.187,0.376
3839,organic,155,57,6,6.273,0.617,3,0.706,14.406,5.665,0.096,6.046,1.464
3839,anomalous,141,112,2,21.276,0.818,1,0.131,2.435,0.893,0.818,0.857,0.9
3840,anomalous,10,104,1,30.157,0.93,1,0.155,2.2,0.706,0.91,1.259,0.581
3841,anomalous,44,169,2,30.857,0.91,1,0.144,2.699,0.639,0.737,1.86,0.207
3844,organic,82,30,4,5.246,0.761,4,0.848,8.679,2.923,0.018,9.078,4.278
3850,anomalous,123,57,1,21.137,0.991,1,0.169,1.191,0.364,0.91,0.408,0.657
3851,anomalous,101,50,3,6.697,0.791,6,1.201,3.202,4.857,0.537,2.167,0.264
3852,organic,131,64,4,9.812,0.723,7,1.45,14.448,5.176,0.246,10.905,4.139
3852,anomalous,122,120,3,14.183,0.58,5,0.3,6.741,1.347,0.453,3.293,0.02
3853,organic,77,7,1,5.607,0.72,5,1.624,10.047,8.017,0.159,5.973,2.389
3853,anomalous,85,21,1,17.381,0.773,1,0.201,2.158,1.094,0.956,1.906,0.788
3854,anomalous,152,23,2,10.207,0.522,7,1.911,7.869,4.268,0.057,12.045,3.855
3857,organic,113,26,3,8.714,0.743,6,1.77,10.713,5.768,0.086,7.499,1.208
3857,anomalous,135,64,3,17.133,0.846,3,0.302,2.128,0.375,0.667,3.408,1.193
3859,organic,17,41,3,7.431,0.75,10,2.084,11.246,6.91,0.028,7.402,3.278
3860,anomalous,53,42,1,19.448,1.0,3,0.667,1.766,0.372,0.767,0.05,0.742
3861,organic,96,15,1,10.423,0.767,10,3.091,9.664,7.097,0.236,10.064,3.274
3861,anomalous,151,93,4,8.114,0.663,6,0.604,6.644,1.752,0.238,4.435,1.1
3863,organic,13,46,2,8.075,0.433,6,1.144,6.905,4.771,0.0,8.144,1.751
3867,organic,147,19,2,6.779,0.623,7,1.73,4.993,3.55,0.081,10.692,3.23
3870,organic,76,57,5,4.984,0.486,6,1.337,11.778,6.839,0.0,9.421,1.37
3872,organic,106,44,5,5.341,0.425,12,2.253,8.661,7.859,0.165,13.717,2.057
3873,organic,76,30,6,3.395,0.737,10,1.818,9.771,4.635,0.088,10.828,1.29
3874,organic,65,12,2,5.656,0.661,8,2.39,8.664,3.47,0.131,6.849,1.167
3875,organic,117,35,3,7.48,0.797,4,1.081,10.299,5.593,0.247,5.851,3.687
3879,organic,48,52,3,8.622,0.59,8,1.481,9.267,4.144,0.139,9.34,2.08
3880,organic,106,84,5,7.835,0.431,18,3.038,11.487,5.699,0.119,8.67,4.106
3881,organic,71,24,1,9.657,0.613,8,2.416,8.309,3.488,0.201,7.049,4.224
3882,anomalous,148,35,3,9.972,0.495,8,1.42,5.263,4.691,0.346,6.835,1.626
3883,organic,11,51,4,9.149,0.759,8,2.019,9.717,4.547,0.364,12.113,3.979
3883,anomalous,158,43,2,10.705,0.705,5,0.399,4.593,1.364,0.716,4.945,1.195
3886,anomalous,134,128,2,35.662,0.818,5,0.536,1.825,0.568,0.788,1.099,0.556
3888,anomalous,28,35,1,15.122,0.758,12,2.744,8.907,4.002,0.101,3.265,4.012
3889,organic,143,32,4,8.74,0.724,6,1.499,9.999,4.582,0.066,5.907,1.901
3891,organic,133,86,2,15.51,0.883,3,0.667,6.021,5.696,0.292,3.905,4.027
3893,organic,167,23,3,7.835,0.339,4,0.971,5.837,6.256,0.187,8.361,2.914
3894,organic,27,51,2,12.175,0.593,4,0.657,10.385,6.111,0.184,5.541,3.135
3895,organic,23,39,2,10.401,0.621,2,0.539,7.922,5.361,0.218,4.311,4.464
3898,anomalous,135,67,4,6.631,0.629,4,0.737,7.345,2.706,0.202,2.015,0.934
3900,organic,161,20,2,5.876,0.564,7,1.845,8.184,4.511,0.184,5.145,1.183
3901,anomalous,1,31,2,7.334,0.745,8,1.743,8.574,6.438,0.062,9.794,2.025
3902,organic,111,8,1,7.474,0.68,5,1.646,4.101,5.076,0.187,6.987,4.113
3902,anomalous,167,45,2,18.629,0.805,2,0.38,4.509,0.265,0.724,0.411,0.723
3903,organic,18,23,3,6.372,0.631,15,3.606,8.508,3.994,0.071,11.123,1.631
3904,organic,50,57,5,6.539,0.679,11,1.849,9.56,3.065,0.161,7.744,2.032
3906,organic,43,28,2,6.005,0.708,8,1.728,5.807,3.633,0.247,10.943,3.276
3907,organic,15,35,2,6.279,0.787,8,1.292,10.654,7.049,0.103,11.147,2.551
3910,organic,97,32,2,8.406,0.611,5,1.076,6.937,6.422,0.226,8.559,3.487
3910,organic,147,49,1,13.239,0.638,6,0.768,2.888,1.511,0.338,1.893,0.69
3911,organic,25,36,4,3.897,0.336,14,3.074,13.03,6.501,0.032,12.016,3.966
3914,organic,12,60,3,7.257,0.783,9,1.398,14.296,5.855,0.329,7.6,2.759
3916,anomalous,117,44,2,11.975,0.742,4,0.539,5.191,2.218,0.746,4.918,0.99
3917,organic,57,37,4,12.631,0.413,18,2.862,13.258,7.844,0.196,7.646,2.069
3918,organic,82,27,4,8.062,0.7,3,0.825,5.522,6.497,0.222,5.057,3.175
3925,organic,53,19,1,10.938,0.621,4,0.806,13.722,3.317,0.193,3.822,4.74
3926,anomalous,32,65,2,13.176,0.686,8,1.444,3.703,2.343,0.286,5.887,2.747
3929,organic,139,77,4,9.209,0.677,5,0.968,9.917,7.378,0.252,8.016,4.032
3930,anomalous,16,82,2,17.544,0.845,3,0.163,5.543,0.722,0.575,3.007,0.281
3931,organic,151,22,1,8.963,0.668,2,0.677,12.783,4.78,0.041,11.657,3.253
3931,anomalous,17,53,3,19.081,0.877,7,1.073,6.212,1.918,0.791,3.019,0.862
3932,organic,92,46,3,12.14,0.66,8,1.427,5.765,2.855,0.243,2.643,3.282
3933,anomalous,81,40,2,9.619,0.645,6,1.134,9.57,6.677,0.118,5.817,4.453
3933,anomalous,166,28,1,14.698,0.888,7,1.246,2.706,1.435,0.495,1.339,1.306
3935,organic,136,64,2,15.384,0.762,8,1.289,5.983,7.531,0.399,7.687,2.378
3940,organic,62,43,2,8.513,0.581,9,1.473,5.308,5.399,0.195,9.794,2.492
3943,organic,141,28,2,9.189,0.573,9,1.776,9.517,6.091,0.247,4.359,2.758
3944,organic,116,51,3,10.586,0.551,5,1.16,4.762,4.44,0.154,3.347,2.204
3944,anomalous,73,116,3,15.516,0.86,4,0.54,4.743,0.119,0.621,2.949,1.286
3945,organic,59,39,3,10.273,0.671,11,3.029,8.265,5.205,0.3,6.705,1.887
3947,organic,19,15,2,7.658,0.716,9,2.627,10.523,5.436,0.086,8.199,3.719
3949,anomalous,10,163,3,20.671,0.834,5,0.718,2.877,0.308,0.591,0.332,0.02
3951,anomalous,60,11,1,10.586,0.841,3,1.07,2.385,2.853,0.235,3.217,4.167
3952,organic,162,50,2,11.291,0.787,7,1.246,3.564,6.403,0.369,1.899,4.102
3953,anomalous,86,47,1,18.702,0.624,7,1.309,4.88,1.271,0.685,2.876,0.213
3958,organic,80,68,4,9.098,0.621,9,1.726,13.894,4.969,0.25,5.905,2.287
3958,anomalous,25,14,2,6.586,0.768,6,1.43,6.364,4.106,0.497,5.134,0.676
3959,anomalous,87,27,2,6.182,0.959,6,1.187,2.901,2.334,0.487,1.479,0.944
3960,organic,89,35,3,4.475,0.55,10,1.948,10.322,5.147,0.083,9.326,3.744
3961,anomalous,83,75,3,9.601,0.651,6,1.124,2.785,3.911,0.142,5.482,2.428
3961,anomalous,121,28,2,11.417,0.673,4,1.102,5.569,2.4,0.243,3.367,0.933
3962,organic,112,30,3,5.706,0.521,16,3.272,8.582,3.869,0.028,5.907,3.789
3963,organic,26,31,5,6.071,0.644,17,3.149,7.864,8.538,0.152,4.91,2.502
3964,organic,164,9,2,2.97,0.689,11,3.508,6.44,4.595,0.049,7.969,3.693
3965,organic,55,23,1,10.559,0.714,17,3.568,13.287,4.205,0.139,8.609,1.4
3971,organic,124,22,2,8.185,0.889,9,2.677,7.317,6.733,0.098,10.072,1.498
3975,anomalous,112,73,4,12.066,0.823,4,0.841,3.857,3.06,0.45,6.651,2.878
3978,organic,109,37,2,7.6,0.778,6,1.289,1.073,2.468,0.329,7.632,1.027
3980,organic,66,20,1,9.175,0.895,6,1.489,2.46,6.997,0.352,3.221,1.923
3981,organic,112,52,5,8.131,0.484,10,1.791,9.989,3.479,0.062,11.465,1.471
3984,anomalous,120,95,3,20.115,0.643,6,0.918,6.624,2.878,0.383,4.785,1.229
3985,organic,167,77,5,5.79,0.303,12,1.884,9.01,3.88,0.072,14.415,1.237
3986,organic,120,41,5,9.261,0.605,15,3.227,10.916,6.287,0.21,5.72,3.056
3987,organic,111,43,2,10.695,0.709,7,1.642,1.561,5.365,0.221,5.852,4.422
3988,anomalous,136,53,2,10.435,0.761,9,1.601,8.582,1.941,0.152,3.367,2.745
3989,organic,48,36,2,9.134,0.532,8,1.716,3.529,2.779,0.247,11.039,3.073
3989,anomalous,104,26,2,5.551,0.793,9,1.721,5.308,1.602,0.603,6.264,0.642
3990,anomalous,94,32,2,10.692,0.939,3,0.521,5.035,3.036,0.62,2.075,0.898
3991,organic,27,34,3,7.431,0.816,2,0.779,4.848,8.169,0.183,5.463,1.326
3992,anomalous,93,31,1,10.589,0.896,5,1.075,4.072,1.17,0.602,3.276,0.171
3993,anomalous,98,60,3,10.767,0.677,3,0.49,5.886,2.204,0.24,5.19,0.896
3999,anomalous,121,54,3,9.491,0.67,5,1.254,4.49,4.664,0.613,2.585,1.622
